2025-06-23 19:55:04,870 - fastapi - INFO - main.py:73 - Request: GET http://localhost:8000/api/posts
2025-06-23 19:55:15,084 - fastapi - INFO - main.py:73 - Request: GET http://localhost:8000/api/posts
2025-06-23 19:55:17,832 - fastapi - INFO - main.py:73 - Request: GET http://localhost:8000/api/admin/posts
2025-06-23 19:55:17,840 - fastapi - INFO - main.py:73 - Request: GET http://localhost:8000/api/admin/posts
2025-06-23 19:55:17,853 - fastapi - INFO - main.py:75 - Response: 401
2025-06-23 19:55:17,857 - fastapi - INFO - main.py:75 - Response: 401
2025-06-23 19:55:25,338 - fastapi - INFO - main.py:73 - Request: GET http://localhost:8000/api/posts
2025-06-23 19:55:35,537 - fastapi - INFO - main.py:73 - Request: GET http://localhost:8000/api/posts
2025-06-23 19:55:45,736 - fastapi - INFO - main.py:73 - Request: GET http://localhost:8000/api/posts
2025-06-23 19:55:53,853 - fastapi - INFO - main.py:73 - Request: POST http://localhost:8000/api/login
2025-06-23 19:55:53,951 - fastapi - INFO - main.py:99 - Successful login for user: admin
2025-06-23 19:55:53,954 - fastapi - INFO - main.py:75 - Response: 200
2025-06-23 19:55:54,990 - fastapi - INFO - main.py:73 - Request: GET http://localhost:8000/api/admin/posts
2025-06-23 19:55:54,993 - fastapi - INFO - main.py:73 - Request: GET http://localhost:8000/api/admin/posts
2025-06-23 19:55:55,287 - fastapi - INFO - main.py:73 - Request: OPTIONS http://localhost:8000/api/admin/posts
2025-06-23 19:55:55,304 - fastapi - INFO - main.py:75 - Response: 200
2025-06-23 19:55:55,309 - fastapi - INFO - main.py:73 - Request: OPTIONS http://localhost:8000/api/admin/posts
2025-06-23 19:55:55,319 - fastapi - INFO - main.py:75 - Response: 200
2025-06-23 19:55:55,352 - fastapi - INFO - main.py:73 - Request: GET http://localhost:8000/api/admin/posts
2025-06-23 19:55:55,357 - fastapi - INFO - main.py:73 - Request: GET http://localhost:8000/api/admin/posts
2025-06-23 19:55:55,925 - fastapi - INFO - main.py:73 - Request: OPTIONS http://localhost:8000/api/admin/posts
2025-06-23 19:55:55,934 - fastapi - INFO - main.py:75 - Response: 200
2025-06-23 19:55:55,956 - fastapi - INFO - main.py:73 - Request: GET http://localhost:8000/api/admin/posts
2025-06-23 19:55:56,063 - fastapi - INFO - main.py:73 - Request: GET http://localhost:8000/api/posts
2025-06-23 19:56:00,710 - fastapi - INFO - main.py:73 - Request: OPTIONS http://localhost:8000/api/admin/posts
2025-06-23 19:56:00,712 - fastapi - INFO - main.py:75 - Response: 200
2025-06-23 19:56:00,721 - fastapi - INFO - main.py:73 - Request: OPTIONS http://localhost:8000/api/admin/posts
2025-06-23 19:56:00,723 - fastapi - INFO - main.py:75 - Response: 200
2025-06-23 19:56:00,754 - fastapi - INFO - main.py:73 - Request: GET http://localhost:8000/api/admin/posts
2025-06-23 19:56:00,756 - fastapi - INFO - main.py:73 - Request: GET http://localhost:8000/api/admin/posts
2025-06-23 19:56:01,041 - fastapi - INFO - main.py:73 - Request: OPTIONS http://localhost:8000/api/admin/posts
2025-06-23 19:56:01,044 - fastapi - INFO - main.py:73 - Request: OPTIONS http://localhost:8000/api/admin/posts
2025-06-23 19:56:01,053 - fastapi - INFO - main.py:75 - Response: 200
2025-06-23 19:56:01,060 - fastapi - INFO - main.py:75 - Response: 200
2025-06-23 19:56:01,085 - fastapi - INFO - main.py:73 - Request: GET http://localhost:8000/api/admin/posts
2025-06-23 19:56:01,090 - fastapi - INFO - main.py:73 - Request: GET http://localhost:8000/api/admin/posts
2025-06-23 19:56:05,401 - fastapi - INFO - main.py:73 - Request: OPTIONS http://localhost:8000/api/admin/posts
2025-06-23 19:56:05,418 - fastapi - INFO - main.py:73 - Request: OPTIONS http://localhost:8000/api/admin/posts
2025-06-23 19:56:05,420 - fastapi - INFO - main.py:75 - Response: 200
2025-06-23 19:56:05,427 - fastapi - INFO - main.py:75 - Response: 200
2025-06-23 19:56:05,445 - fastapi - INFO - main.py:73 - Request: GET http://localhost:8000/api/admin/posts
2025-06-23 19:56:05,455 - fastapi - INFO - main.py:73 - Request: GET http://localhost:8000/api/admin/posts
2025-06-23 19:56:06,248 - fastapi - INFO - main.py:73 - Request: GET http://localhost:8000/api/posts
2025-06-23 19:56:12,898 - fastapi - INFO - main.py:73 - Request: OPTIONS http://localhost:8000/api/admin/posts
2025-06-23 19:56:12,904 - fastapi - INFO - main.py:73 - Request: OPTIONS http://localhost:8000/api/admin/posts
2025-06-23 19:56:12,911 - fastapi - INFO - main.py:75 - Response: 200
2025-06-23 19:56:12,922 - fastapi - INFO - main.py:75 - Response: 200
2025-06-23 19:56:12,929 - fastapi - INFO - main.py:73 - Request: GET http://localhost:8000/api/admin/posts
2025-06-23 19:56:12,939 - fastapi - INFO - main.py:73 - Request: GET http://localhost:8000/api/admin/posts
2025-06-23 19:56:13,722 - fastapi - INFO - main.py:73 - Request: OPTIONS http://localhost:8000/api/admin/posts
2025-06-23 19:56:13,732 - fastapi - INFO - main.py:75 - Response: 200
2025-06-23 19:56:13,745 - fastapi - INFO - main.py:73 - Request: OPTIONS http://localhost:8000/api/admin/posts
2025-06-23 19:56:13,754 - fastapi - INFO - main.py:75 - Response: 200
2025-06-23 19:56:13,771 - fastapi - INFO - main.py:73 - Request: GET http://localhost:8000/api/admin/posts
2025-06-23 19:56:13,826 - fastapi - INFO - main.py:73 - Request: GET http://localhost:8000/api/admin/posts
2025-06-23 19:56:15,723 - fastapi - INFO - main.py:73 - Request: POST http://localhost:8000/api/login
2025-06-23 19:56:15,736 - fastapi - INFO - main.py:99 - Successful login for user: admin
2025-06-23 19:56:15,743 - fastapi - INFO - main.py:75 - Response: 200
2025-06-23 19:56:15,935 - fastapi - INFO - main.py:73 - Request: OPTIONS http://localhost:8000/api/admin/posts
2025-06-23 19:56:15,944 - fastapi - INFO - main.py:73 - Request: OPTIONS http://localhost:8000/api/admin/posts
2025-06-23 19:56:15,946 - fastapi - INFO - main.py:75 - Response: 200
2025-06-23 19:56:15,956 - fastapi - INFO - main.py:75 - Response: 200
2025-06-23 19:56:15,959 - fastapi - INFO - main.py:73 - Request: GET http://localhost:8000/api/admin/posts
2025-06-23 19:56:15,971 - fastapi - INFO - main.py:73 - Request: GET http://localhost:8000/api/admin/posts
2025-06-23 19:56:16,190 - fastapi - INFO - main.py:73 - Request: OPTIONS http://localhost:8000/api/admin/posts
2025-06-23 19:56:16,193 - fastapi - INFO - main.py:75 - Response: 200
2025-06-23 19:56:16,203 - fastapi - INFO - main.py:73 - Request: OPTIONS http://localhost:8000/api/admin/posts
2025-06-23 19:56:16,210 - fastapi - INFO - main.py:75 - Response: 200
2025-06-23 19:56:16,238 - fastapi - INFO - main.py:73 - Request: GET http://localhost:8000/api/admin/posts
2025-06-23 19:56:16,249 - fastapi - INFO - main.py:73 - Request: GET http://localhost:8000/api/admin/posts
2025-06-23 19:56:16,280 - fastapi - INFO - main.py:73 - Request: GET http://localhost:8000/api/admin/posts
2025-06-23 19:56:16,507 - fastapi - INFO - main.py:73 - Request: GET http://localhost:8000/api/posts
2025-06-23 19:56:26,930 - fastapi - INFO - main.py:73 - Request: GET http://localhost:8000/api/posts
2025-06-23 19:56:37,131 - fastapi - INFO - main.py:73 - Request: GET http://localhost:8000/api/posts
2025-06-23 19:56:47,273 - fastapi - INFO - main.py:73 - Request: GET http://localhost:8000/api/posts
2025-06-23 19:56:57,434 - fastapi - INFO - main.py:73 - Request: GET http://localhost:8000/api/posts
2025-06-23 19:57:07,605 - fastapi - INFO - main.py:73 - Request: GET http://localhost:8000/api/posts
2025-06-23 20:13:16,827 - fastapi - INFO - main.py:52 - Starting up FastAPI application
2025-06-23 20:13:16,890 - fastapi - INFO - main.py:57 - Database connections established
2025-06-23 20:14:38,817 - fastapi - INFO - main.py:73 - Request: GET http://api:8000/api/posts
2025-06-23 20:14:39,897 - fastapi - INFO - main.py:73 - Request: OPTIONS http://localhost:8000/api/admin/posts
2025-06-23 20:14:39,904 - fastapi - INFO - main.py:73 - Request: OPTIONS http://localhost:8000/api/admin/posts
2025-06-23 20:14:39,906 - fastapi - INFO - main.py:75 - Response: 200
2025-06-23 20:14:39,908 - fastapi - INFO - main.py:75 - Response: 200
2025-06-23 20:14:39,912 - fastapi - INFO - main.py:73 - Request: GET http://localhost:8000/api/admin/posts
2025-06-23 20:14:39,958 - fastapi - INFO - main.py:73 - Request: GET http://localhost:8000/api/admin/posts
2025-06-23 20:14:41,404 - fastapi - INFO - main.py:73 - Request: GET http://localhost:8000/api/posts
2025-06-23 20:14:41,419 - fastapi - INFO - main.py:73 - Request: GET http://localhost:8000/api/posts
2025-06-23 20:14:41,970 - fastapi - INFO - main.py:73 - Request: GET http://api:8000/api/posts
2025-06-23 20:14:47,554 - fastapi - INFO - main.py:73 - Request: OPTIONS http://localhost:8000/api/admin/posts
2025-06-23 20:14:47,555 - fastapi - INFO - main.py:73 - Request: OPTIONS http://localhost:8000/api/admin/posts
2025-06-23 20:14:47,556 - fastapi - INFO - main.py:75 - Response: 200
2025-06-23 20:14:47,557 - fastapi - INFO - main.py:75 - Response: 200
2025-06-23 20:14:47,583 - fastapi - INFO - main.py:73 - Request: GET http://localhost:8000/api/admin/posts
2025-06-23 20:14:47,585 - fastapi - INFO - main.py:73 - Request: GET http://localhost:8000/api/admin/posts
2025-06-23 20:14:47,922 - fastapi - INFO - main.py:73 - Request: OPTIONS http://localhost:8000/api/admin/posts
2025-06-23 20:14:47,924 - fastapi - INFO - main.py:73 - Request: OPTIONS http://localhost:8000/api/admin/posts
2025-06-23 20:14:47,925 - fastapi - INFO - main.py:75 - Response: 200
2025-06-23 20:14:47,927 - fastapi - INFO - main.py:75 - Response: 200
2025-06-23 20:14:47,930 - fastapi - INFO - main.py:73 - Request: GET http://localhost:8000/api/admin/posts
2025-06-23 20:14:47,933 - fastapi - INFO - main.py:73 - Request: GET http://localhost:8000/api/admin/posts
2025-06-23 20:16:34,950 - fastapi - INFO - main.py:73 - Request: GET http://localhost:8000/api/posts
2025-06-23 20:16:35,005 - fastapi - INFO - main.py:73 - Request: GET http://localhost:8000/api/posts
2025-06-23 20:17:13,858 - fastapi - INFO - main.py:73 - Request: GET http://api:8000/api/posts/march
2025-06-23 20:17:13,923 - fastapi - INFO - main.py:75 - Response: 404
2025-06-23 20:17:14,798 - fastapi - INFO - main.py:73 - Request: GET http://api:8000/api/posts
2025-06-23 20:17:27,699 - fastapi - INFO - main.py:73 - Request: GET http://localhost:8000/api/posts
2025-06-23 20:17:27,749 - fastapi - INFO - main.py:73 - Request: GET http://localhost:8000/api/posts
2025-06-23 21:31:32,886 - fastapi - INFO - main.py:73 - Request: OPTIONS http://localhost:8000/api/admin/posts
2025-06-26 08:08:30,436 - fastapi - INFO - main.py:73 - Request: GET http://localhost:8000/api/admin/posts
2025-06-26 08:08:30,514 - fastapi - INFO - main.py:75 - Response: 200
2025-06-26 08:08:32,991 - fastapi - INFO - main.py:73 - Request: GET http://localhost:8000/api/posts/my-local-dev-setup
2025-06-26 08:08:33,033 - fastapi - INFO - main.py:75 - Response: 200
2025-06-26 08:08:33,036 - fastapi - INFO - main.py:73 - Request: GET http://localhost:8000/api/posts/my-local-dev-setup
2025-06-26 08:08:33,057 - fastapi - INFO - main.py:75 - Response: 200
2025-06-26 08:08:33,095 - fastapi - INFO - main.py:73 - Request: GET http://localhost:8000/api/categories
2025-06-26 08:08:33,101 - fastapi - INFO - main.py:73 - Request: GET http://localhost:8000/api/categories
2025-06-26 08:08:33,120 - fastapi - INFO - main.py:75 - Response: 200
2025-06-26 08:08:33,132 - fastapi - INFO - main.py:75 - Response: 200
2025-06-26 08:10:47,332 - fastapi - INFO - main.py:73 - Request: OPTIONS http://localhost:8000/api/images
2025-06-26 08:10:47,334 - fastapi - INFO - main.py:73 - Request: OPTIONS http://localhost:8000/api/images
2025-06-26 08:10:47,335 - fastapi - INFO - main.py:75 - Response: 200
2025-06-26 08:10:47,336 - fastapi - INFO - main.py:75 - Response: 200
2025-06-26 08:10:51,437 - fastapi - INFO - main.py:73 - Request: GET http://localhost:8000/api/admin/posts
2025-06-26 08:10:51,528 - fastapi - INFO - main.py:75 - Response: 200
2025-06-26 08:11:18,373 - fastapi - INFO - main.py:73 - Request: GET http://api:8000/api/posts/my-local-dev-setup
2025-06-26 08:11:18,407 - fastapi - INFO - main.py:75 - Response: 200
2025-06-26 08:11:19,993 - fastapi - INFO - main.py:73 - Request: GET http://api:8000/api/posts
2025-06-26 08:11:20,100 - fastapi - INFO - main.py:75 - Response: 200
2025-06-26 08:11:45,993 - fastapi - INFO - main.py:73 - Request: GET http://api:8000/api/posts/my-local-dev-setup
2025-06-26 08:11:46,032 - fastapi - INFO - main.py:75 - Response: 200
2025-06-26 08:11:46,824 - fastapi - INFO - main.py:73 - Request: GET http://api:8000/api/posts
2025-06-26 08:11:46,902 - fastapi - INFO - main.py:75 - Response: 200
2025-06-26 08:13:53,030 - fastapi - INFO - main.py:73 - Request: OPTIONS http://localhost:8000/api/upload-url
2025-06-26 08:13:53,032 - fastapi - INFO - main.py:75 - Response: 200
2025-06-26 08:13:53,035 - fastapi - INFO - main.py:73 - Request: POST http://localhost:8000/api/upload-url
2025-06-26 08:13:53,042 - fastapi - INFO - main.py:75 - Response: 200
2025-06-26 08:13:54,405 - fastapi - INFO - main.py:73 - Request: GET http://localhost:8000/api/images
2025-06-26 08:13:54,842 - fastapi - INFO - main.py:75 - Response: 200
2025-06-26 08:16:09,256 - fastapi - INFO - main.py:73 - Request: GET http://localhost:8000/api/posts/my-local-dev-setup
2025-06-26 08:16:09,293 - fastapi - INFO - main.py:75 - Response: 200
2025-06-26 08:16:09,296 - fastapi - INFO - main.py:73 - Request: GET http://localhost:8000/api/posts/my-local-dev-setup
2025-06-26 08:16:09,326 - fastapi - INFO - main.py:75 - Response: 200
2025-06-26 08:16:09,354 - fastapi - INFO - main.py:73 - Request: GET http://localhost:8000/api/categories
2025-06-26 08:16:09,363 - fastapi - INFO - main.py:73 - Request: GET http://localhost:8000/api/categories
2025-06-26 08:16:09,383 - fastapi - INFO - main.py:75 - Response: 200
2025-06-26 08:16:09,390 - fastapi - INFO - main.py:75 - Response: 200
2025-06-26 08:16:26,390 - fastapi - INFO - main.py:73 - Request: GET http://localhost:8000/api/images
2025-06-26 08:16:26,788 - fastapi - INFO - main.py:75 - Response: 200
2025-06-26 08:16:30,780 - fastapi - INFO - main.py:73 - Request: OPTIONS http://localhost:8000/api/posts/my-local-dev-setup
2025-06-26 08:16:30,781 - fastapi - INFO - main.py:75 - Response: 200
2025-06-26 08:16:30,784 - fastapi - INFO - main.py:73 - Request: PUT http://localhost:8000/api/posts/my-local-dev-setup
2025-06-26 08:16:30,871 - fastapi - INFO - main.py:75 - Response: 200
2025-06-26 08:16:31,019 - fastapi - INFO - main.py:73 - Request: GET http://localhost:8000/api/admin/posts
2025-06-26 08:16:31,093 - fastapi - INFO - main.py:75 - Response: 200
2025-06-26 08:18:41,442 - fastapi - INFO - main.py:73 - Request: GET http://localhost:8000/api/posts
2025-06-26 08:18:41,520 - fastapi - INFO - main.py:75 - Response: 200
2025-06-26 08:18:45,826 - fastapi - INFO - main.py:73 - Request: GET http://api:8000/api/posts/my-local-dev-setup
2025-06-26 08:18:45,864 - fastapi - INFO - main.py:75 - Response: 200
2025-06-26 08:18:46,928 - fastapi - INFO - main.py:73 - Request: GET http://api:8000/api/posts
2025-06-26 08:18:47,013 - fastapi - INFO - main.py:75 - Response: 200
2025-06-26 08:19:11,202 - fastapi - INFO - main.py:73 - Request: OPTIONS http://localhost:8000/api/admin/posts
2025-06-26 08:19:11,204 - fastapi - INFO - main.py:75 - Response: 200
2025-06-26 08:19:11,206 - fastapi - INFO - main.py:73 - Request: GET http://localhost:8000/api/admin/posts
2025-06-26 08:19:11,281 - fastapi - INFO - main.py:75 - Response: 200
2025-06-26 08:23:03,362 - fastapi - INFO - main.py:73 - Request: OPTIONS http://localhost:8000/api/posts/from-accra-to-seattle
2025-06-26 08:23:03,363 - fastapi - INFO - main.py:75 - Response: 200
2025-06-26 08:23:03,369 - fastapi - INFO - main.py:73 - Request: GET http://localhost:8000/api/posts/from-accra-to-seattle
2025-06-26 08:23:03,406 - fastapi - INFO - main.py:75 - Response: 200
2025-06-26 08:23:03,408 - fastapi - INFO - main.py:73 - Request: GET http://localhost:8000/api/posts/from-accra-to-seattle
2025-06-26 08:23:03,443 - fastapi - INFO - main.py:75 - Response: 200
2025-06-26 08:23:03,460 - fastapi - INFO - main.py:73 - Request: GET http://localhost:8000/api/categories
2025-06-26 08:23:03,467 - fastapi - INFO - main.py:73 - Request: GET http://localhost:8000/api/categories
2025-06-26 08:23:03,485 - fastapi - INFO - main.py:75 - Response: 200
2025-06-26 08:23:03,496 - fastapi - INFO - main.py:75 - Response: 200
2025-06-26 08:23:21,014 - fastapi - INFO - main.py:73 - Request: POST http://localhost:8000/api/upload-url
2025-06-26 08:23:21,017 - fastapi - INFO - main.py:75 - Response: 200
2025-06-26 08:23:24,347 - fastapi - INFO - main.py:73 - Request: OPTIONS http://localhost:8000/api/posts/from-accra-to-seattle
2025-06-26 08:23:24,348 - fastapi - INFO - main.py:75 - Response: 200
2025-06-26 08:23:24,350 - fastapi - INFO - main.py:73 - Request: PUT http://localhost:8000/api/posts/from-accra-to-seattle
2025-06-26 08:23:24,423 - fastapi - INFO - main.py:75 - Response: 200
2025-06-26 08:23:24,558 - fastapi - INFO - main.py:73 - Request: GET http://localhost:8000/api/admin/posts
2025-06-26 08:23:24,635 - fastapi - INFO - main.py:75 - Response: 200
2025-06-26 08:23:27,915 - fastapi - INFO - main.py:73 - Request: GET http://api:8000/api/posts/my-local-dev-setup
2025-06-26 08:23:27,952 - fastapi - INFO - main.py:75 - Response: 200
2025-06-26 08:23:28,724 - fastapi - INFO - main.py:73 - Request: GET http://api:8000/api/posts
2025-06-26 08:23:28,805 - fastapi - INFO - main.py:75 - Response: 200
2025-06-26 08:25:34,555 - fastapi - INFO - main.py:73 - Request: GET http://localhost:8000/api/posts/my-local-dev-setup
2025-06-26 08:25:34,594 - fastapi - INFO - main.py:75 - Response: 200
2025-06-26 08:25:34,597 - fastapi - INFO - main.py:73 - Request: GET http://localhost:8000/api/posts/my-local-dev-setup
2025-06-26 08:25:34,625 - fastapi - INFO - main.py:75 - Response: 200
2025-06-26 08:25:34,631 - fastapi - INFO - main.py:73 - Request: GET http://localhost:8000/api/categories
2025-06-26 08:25:34,637 - fastapi - INFO - main.py:73 - Request: GET http://localhost:8000/api/categories
2025-06-26 08:25:34,653 - fastapi - INFO - main.py:75 - Response: 200
2025-06-26 08:25:34,665 - fastapi - INFO - main.py:75 - Response: 200
2025-06-26 08:26:00,946 - fastapi - INFO - main.py:73 - Request: PUT http://localhost:8000/api/posts/my-local-dev-setup
2025-06-26 08:26:01,052 - fastapi - INFO - main.py:75 - Response: 200
2025-06-26 08:26:01,182 - fastapi - INFO - main.py:73 - Request: GET http://localhost:8000/api/admin/posts
2025-06-26 08:26:01,257 - fastapi - INFO - main.py:75 - Response: 200
2025-06-26 08:38:28,442 - fastapi - INFO - main.py:73 - Request: OPTIONS http://localhost:8000/api/posts/almost-quit-tech
2025-06-26 08:38:28,444 - fastapi - INFO - main.py:75 - Response: 200
2025-06-26 08:38:28,449 - fastapi - INFO - main.py:73 - Request: GET http://localhost:8000/api/posts/almost-quit-tech
2025-06-26 08:38:28,488 - fastapi - INFO - main.py:75 - Response: 200
2025-06-26 08:38:28,490 - fastapi - INFO - main.py:73 - Request: GET http://localhost:8000/api/posts/almost-quit-tech
2025-06-26 08:38:28,523 - fastapi - INFO - main.py:75 - Response: 200
2025-06-26 08:38:28,542 - fastapi - INFO - main.py:73 - Request: GET http://localhost:8000/api/categories
2025-06-26 08:38:28,548 - fastapi - INFO - main.py:73 - Request: GET http://localhost:8000/api/categories
2025-06-26 08:38:28,567 - fastapi - INFO - main.py:75 - Response: 200
2025-06-26 08:38:28,576 - fastapi - INFO - main.py:75 - Response: 200
2025-06-26 08:39:20,136 - fastapi - INFO - main.py:73 - Request: OPTIONS http://localhost:8000/api/upload-url
2025-06-26 08:39:20,138 - fastapi - INFO - main.py:75 - Response: 200
2025-06-26 08:39:20,141 - fastapi - INFO - main.py:73 - Request: POST http://localhost:8000/api/upload-url
2025-06-26 08:39:20,146 - fastapi - INFO - main.py:75 - Response: 200
2025-06-26 08:39:23,587 - fastapi - INFO - main.py:73 - Request: OPTIONS http://localhost:8000/api/posts/almost-quit-tech
2025-06-26 08:39:23,588 - fastapi - INFO - main.py:75 - Response: 200
2025-06-26 08:39:23,592 - fastapi - INFO - main.py:73 - Request: PUT http://localhost:8000/api/posts/almost-quit-tech
2025-06-26 08:39:23,678 - fastapi - INFO - main.py:75 - Response: 200
2025-06-26 08:39:23,809 - fastapi - INFO - main.py:73 - Request: OPTIONS http://localhost:8000/api/admin/posts
2025-06-26 08:39:23,810 - fastapi - INFO - main.py:75 - Response: 200
2025-06-26 08:39:23,812 - fastapi - INFO - main.py:73 - Request: GET http://localhost:8000/api/admin/posts
2025-06-26 08:39:23,890 - fastapi - INFO - main.py:75 - Response: 200
2025-06-26 08:39:26,118 - fastapi - INFO - main.py:73 - Request: GET http://api:8000/api/posts/from-accra-to-seattle
2025-06-26 08:39:26,165 - fastapi - INFO - main.py:75 - Response: 200
2025-06-26 08:39:26,895 - fastapi - INFO - main.py:73 - Request: GET http://api:8000/api/posts
2025-06-26 08:39:26,986 - fastapi - INFO - main.py:75 - Response: 200
2025-06-26 08:43:30,586 - fastapi - INFO - main.py:73 - Request: OPTIONS http://localhost:8000/api/images
2025-06-26 08:43:30,588 - fastapi - INFO - main.py:75 - Response: 200
2025-06-26 08:43:30,590 - fastapi - INFO - main.py:73 - Request: GET http://localhost:8000/api/images
2025-06-26 08:43:30,955 - fastapi - INFO - main.py:75 - Response: 200
2025-06-26 08:43:30,958 - fastapi - INFO - main.py:73 - Request: GET http://localhost:8000/api/images
2025-06-26 08:43:31,058 - fastapi - INFO - main.py:75 - Response: 200
2025-06-26 08:43:38,619 - fastapi - INFO - main.py:73 - Request: OPTIONS http://localhost:8000/api/images/uploads/I-almost-quit_835e50.png
2025-06-26 08:43:38,620 - fastapi - INFO - main.py:75 - Response: 200
2025-06-26 08:43:38,622 - fastapi - INFO - main.py:73 - Request: DELETE http://localhost:8000/api/images/uploads/I-almost-quit_835e50.png
2025-06-26 08:43:38,728 - fastapi - INFO - main.py:75 - Response: 200
2025-06-26 08:43:40,980 - fastapi - INFO - main.py:73 - Request: OPTIONS http://localhost:8000/api/images/uploads/3-rules_1b7353.png
2025-06-26 08:43:40,982 - fastapi - INFO - main.py:75 - Response: 200
2025-06-26 08:43:40,984 - fastapi - INFO - main.py:73 - Request: DELETE http://localhost:8000/api/images/uploads/3-rules_1b7353.png
2025-06-26 08:43:41,087 - fastapi - INFO - main.py:75 - Response: 200
2025-06-26 08:43:52,156 - fastapi - INFO - main.py:73 - Request: OPTIONS http://localhost:8000/api/images/uploads/docker-networking_fd4e03.png
2025-06-26 08:43:52,158 - fastapi - INFO - main.py:75 - Response: 200
2025-06-26 08:43:52,160 - fastapi - INFO - main.py:73 - Request: DELETE http://localhost:8000/api/images/uploads/docker-networking_fd4e03.png
2025-06-26 08:43:52,261 - fastapi - INFO - main.py:75 - Response: 200
2025-06-26 08:43:54,700 - fastapi - INFO - main.py:73 - Request: OPTIONS http://localhost:8000/api/images/uploads/favorite-snacks_a7c6e3.png
2025-06-26 08:43:54,701 - fastapi - INFO - main.py:75 - Response: 200
2025-06-26 08:43:54,703 - fastapi - INFO - main.py:73 - Request: DELETE http://localhost:8000/api/images/uploads/favorite-snacks_a7c6e3.png
2025-06-26 08:43:54,818 - fastapi - INFO - main.py:75 - Response: 200
2025-06-26 08:43:58,019 - fastapi - INFO - main.py:73 - Request: OPTIONS http://localhost:8000/api/images/uploads/docker_a42801.png
2025-06-26 08:43:58,020 - fastapi - INFO - main.py:75 - Response: 200
2025-06-26 08:43:58,022 - fastapi - INFO - main.py:73 - Request: DELETE http://localhost:8000/api/images/uploads/docker_a42801.png
2025-06-26 08:43:58,131 - fastapi - INFO - main.py:75 - Response: 200
2025-06-26 08:44:02,650 - fastapi - INFO - main.py:73 - Request: OPTIONS http://localhost:8000/api/images/uploads/could-have-been-a-comment_4dca7d.png
2025-06-26 08:44:02,651 - fastapi - INFO - main.py:75 - Response: 200
2025-06-26 08:44:02,653 - fastapi - INFO - main.py:73 - Request: DELETE http://localhost:8000/api/images/uploads/could-have-been-a-comment_4dca7d.png
2025-06-26 08:44:02,758 - fastapi - INFO - main.py:75 - Response: 200
2025-06-26 08:46:00,369 - fastapi - INFO - main.py:73 - Request: GET http://localhost:8000/api/admin/posts
2025-06-26 08:46:00,458 - fastapi - INFO - main.py:75 - Response: 200
2025-06-26 08:46:20,010 - fastapi - INFO - main.py:73 - Request: GET http://localhost:8000/api/posts
2025-06-26 08:46:20,021 - fastapi - INFO - main.py:73 - Request: GET http://localhost:8000/api/posts
2025-06-26 08:46:20,107 - fastapi - INFO - main.py:75 - Response: 200
2025-06-26 08:46:20,111 - fastapi - INFO - main.py:75 - Response: 200
2025-06-26 08:46:26,412 - fastapi - INFO - main.py:73 - Request: GET http://localhost:8000/api/posts
2025-06-26 08:46:26,420 - fastapi - INFO - main.py:73 - Request: GET http://localhost:8000/api/posts
2025-06-26 08:46:26,506 - fastapi - INFO - main.py:75 - Response: 200
2025-06-26 08:46:26,511 - fastapi - INFO - main.py:75 - Response: 200
2025-06-26 08:49:54,319 - fastapi - INFO - main.py:73 - Request: OPTIONS http://localhost:8000/api/upload-url
2025-06-26 08:49:54,320 - fastapi - INFO - main.py:75 - Response: 200
2025-06-26 08:49:54,323 - fastapi - INFO - main.py:73 - Request: POST http://localhost:8000/api/upload-url
2025-06-26 08:49:54,328 - fastapi - INFO - main.py:75 - Response: 200
2025-06-26 08:49:55,649 - fastapi - INFO - main.py:73 - Request: GET http://localhost:8000/api/images
2025-06-26 08:49:55,994 - fastapi - INFO - main.py:75 - Response: 200
2025-06-26 08:50:06,774 - fastapi - INFO - main.py:73 - Request: OPTIONS http://localhost:8000/api/posts/code-review-rules
2025-06-26 08:50:06,775 - fastapi - INFO - main.py:75 - Response: 200
2025-06-26 08:50:06,778 - fastapi - INFO - main.py:73 - Request: GET http://localhost:8000/api/posts/code-review-rules
2025-06-26 08:50:06,818 - fastapi - INFO - main.py:75 - Response: 200
2025-06-26 08:50:06,820 - fastapi - INFO - main.py:73 - Request: GET http://localhost:8000/api/posts/code-review-rules
2025-06-26 08:50:06,842 - fastapi - INFO - main.py:73 - Request: GET http://localhost:8000/api/categories
2025-06-26 08:50:06,845 - fastapi - INFO - main.py:75 - Response: 200
2025-06-26 08:50:06,848 - fastapi - INFO - main.py:73 - Request: GET http://localhost:8000/api/categories
2025-06-26 08:50:06,878 - fastapi - INFO - main.py:75 - Response: 200
2025-06-26 08:50:06,879 - fastapi - INFO - main.py:75 - Response: 200
2025-06-26 08:50:09,230 - fastapi - INFO - main.py:73 - Request: GET http://localhost:8000/api/images
2025-06-26 08:50:09,329 - fastapi - INFO - main.py:75 - Response: 200
2025-06-26 08:50:12,748 - fastapi - INFO - main.py:73 - Request: OPTIONS http://localhost:8000/api/posts/code-review-rules
2025-06-26 08:50:12,749 - fastapi - INFO - main.py:75 - Response: 200
2025-06-26 08:50:12,751 - fastapi - INFO - main.py:73 - Request: PUT http://localhost:8000/api/posts/code-review-rules
2025-06-26 08:50:12,831 - fastapi - INFO - main.py:75 - Response: 200
2025-06-26 08:50:12,957 - fastapi - INFO - main.py:73 - Request: OPTIONS http://localhost:8000/api/admin/posts
2025-06-26 08:50:12,958 - fastapi - INFO - main.py:75 - Response: 200
2025-06-26 08:50:12,960 - fastapi - INFO - main.py:73 - Request: GET http://localhost:8000/api/admin/posts
2025-06-26 08:50:13,032 - fastapi - INFO - main.py:75 - Response: 200
2025-06-26 08:51:20,142 - fastapi - INFO - main.py:73 - Request: GET http://localhost:8000/api/admin/posts
2025-06-26 08:51:20,223 - fastapi - INFO - main.py:75 - Response: 200
2025-06-26 08:53:10,984 - fastapi - INFO - main.py:73 - Request: OPTIONS http://localhost:8000/api/posts/my-local-dev-setup
2025-06-26 08:53:10,986 - fastapi - INFO - main.py:75 - Response: 200
2025-06-26 08:53:10,988 - fastapi - INFO - main.py:73 - Request: DELETE http://localhost:8000/api/posts/my-local-dev-setup
2025-06-26 08:53:11,030 - fastapi - INFO - main.py:75 - Response: 200
2025-06-26 08:53:11,160 - fastapi - INFO - main.py:73 - Request: GET http://localhost:8000/api/admin/posts
2025-06-26 08:53:11,237 - fastapi - INFO - main.py:75 - Response: 200
2025-06-26 08:54:16,074 - fastapi - INFO - main.py:73 - Request: OPTIONS http://localhost:8000/api/posts/salesforce-scaling-myself
2025-06-26 08:54:16,076 - fastapi - INFO - main.py:75 - Response: 200
2025-06-26 08:54:16,080 - fastapi - INFO - main.py:73 - Request: GET http://localhost:8000/api/posts/salesforce-scaling-myself
2025-06-26 08:54:16,121 - fastapi - INFO - main.py:75 - Response: 200
2025-06-26 08:54:16,124 - fastapi - INFO - main.py:73 - Request: GET http://localhost:8000/api/posts/salesforce-scaling-myself
2025-06-26 08:54:16,156 - fastapi - INFO - main.py:75 - Response: 200
2025-06-26 08:54:16,176 - fastapi - INFO - main.py:73 - Request: GET http://localhost:8000/api/categories
2025-06-26 08:54:16,185 - fastapi - INFO - main.py:73 - Request: GET http://localhost:8000/api/categories
2025-06-26 08:54:16,201 - fastapi - INFO - main.py:75 - Response: 200
2025-06-26 08:54:16,218 - fastapi - INFO - main.py:75 - Response: 200
2025-06-26 08:54:36,267 - fastapi - INFO - main.py:73 - Request: POST http://localhost:8000/api/upload-url
2025-06-26 08:54:36,271 - fastapi - INFO - main.py:75 - Response: 200
2025-06-26 08:54:42,174 - fastapi - INFO - main.py:73 - Request: OPTIONS http://localhost:8000/api/posts/salesforce-scaling-myself
2025-06-26 08:54:42,175 - fastapi - INFO - main.py:75 - Response: 200
2025-06-26 08:54:42,178 - fastapi - INFO - main.py:73 - Request: PUT http://localhost:8000/api/posts/salesforce-scaling-myself
2025-06-26 08:54:42,262 - fastapi - INFO - main.py:75 - Response: 200
2025-06-26 08:54:42,395 - fastapi - INFO - main.py:73 - Request: GET http://localhost:8000/api/admin/posts
2025-06-26 08:54:42,477 - fastapi - INFO - main.py:75 - Response: 200
2025-06-26 08:58:17,249 - fastapi - INFO - main.py:73 - Request: OPTIONS http://localhost:8000/api/posts/debugging-and-parenting
2025-06-26 08:58:17,250 - fastapi - INFO - main.py:75 - Response: 200
2025-06-26 08:58:17,256 - fastapi - INFO - main.py:73 - Request: GET http://localhost:8000/api/posts/debugging-and-parenting
2025-06-26 08:58:17,292 - fastapi - INFO - main.py:75 - Response: 200
2025-06-26 08:58:17,295 - fastapi - INFO - main.py:73 - Request: GET http://localhost:8000/api/posts/debugging-and-parenting
2025-06-26 08:58:17,318 - fastapi - INFO - main.py:73 - Request: GET http://localhost:8000/api/categories
2025-06-26 08:58:17,321 - fastapi - INFO - main.py:75 - Response: 200
2025-06-26 08:58:17,325 - fastapi - INFO - main.py:73 - Request: GET http://localhost:8000/api/categories
2025-06-26 08:58:17,347 - fastapi - INFO - main.py:75 - Response: 200
2025-06-26 08:58:17,356 - fastapi - INFO - main.py:75 - Response: 200
2025-06-26 08:58:31,072 - fastapi - INFO - main.py:73 - Request: POST http://localhost:8000/api/upload-url
2025-06-26 08:58:31,077 - fastapi - INFO - main.py:75 - Response: 200
2025-06-26 08:58:34,442 - fastapi - INFO - main.py:73 - Request: OPTIONS http://localhost:8000/api/posts/debugging-and-parenting
2025-06-26 08:58:34,443 - fastapi - INFO - main.py:75 - Response: 200
2025-06-26 08:58:34,446 - fastapi - INFO - main.py:73 - Request: PUT http://localhost:8000/api/posts/debugging-and-parenting
2025-06-26 08:58:34,525 - fastapi - INFO - main.py:75 - Response: 200
2025-06-26 08:58:34,654 - fastapi - INFO - main.py:73 - Request: GET http://localhost:8000/api/admin/posts
2025-06-26 08:58:34,736 - fastapi - INFO - main.py:75 - Response: 200
2025-06-26 08:58:52,298 - fastapi - INFO - main.py:73 - Request: GET http://localhost:8000/api/posts/debugging-and-parenting
2025-06-26 08:58:52,337 - fastapi - INFO - main.py:75 - Response: 200
2025-06-26 08:58:52,340 - fastapi - INFO - main.py:73 - Request: GET http://localhost:8000/api/posts/debugging-and-parenting
2025-06-26 08:58:52,366 - fastapi - INFO - main.py:73 - Request: GET http://localhost:8000/api/categories
2025-06-26 08:58:52,368 - fastapi - INFO - main.py:75 - Response: 200
2025-06-26 08:58:52,372 - fastapi - INFO - main.py:73 - Request: GET http://localhost:8000/api/categories
2025-06-26 08:58:52,398 - fastapi - INFO - main.py:75 - Response: 200
2025-06-26 08:58:52,404 - fastapi - INFO - main.py:75 - Response: 200
2025-06-26 09:00:49,869 - fastapi - INFO - main.py:73 - Request: PUT http://localhost:8000/api/posts/debugging-and-parenting
2025-06-26 09:00:49,949 - fastapi - INFO - main.py:75 - Response: 200
2025-06-26 09:00:50,080 - fastapi - INFO - main.py:73 - Request: OPTIONS http://localhost:8000/api/admin/posts
2025-06-26 09:00:50,081 - fastapi - INFO - main.py:75 - Response: 200
2025-06-26 09:00:50,084 - fastapi - INFO - main.py:73 - Request: GET http://localhost:8000/api/admin/posts
2025-06-26 09:00:50,161 - fastapi - INFO - main.py:75 - Response: 200
2025-06-26 09:00:54,765 - fastapi - INFO - main.py:73 - Request: OPTIONS http://localhost:8000/api/posts/tech-snacks-for-developers
2025-06-26 09:00:54,767 - fastapi - INFO - main.py:75 - Response: 200
2025-06-26 09:00:54,770 - fastapi - INFO - main.py:73 - Request: GET http://localhost:8000/api/posts/tech-snacks-for-developers
2025-06-26 09:00:54,799 - fastapi - INFO - main.py:75 - Response: 200
2025-06-26 09:00:54,802 - fastapi - INFO - main.py:73 - Request: GET http://localhost:8000/api/posts/tech-snacks-for-developers
2025-06-26 09:00:54,826 - fastapi - INFO - main.py:73 - Request: GET http://localhost:8000/api/categories
2025-06-26 09:00:54,829 - fastapi - INFO - main.py:75 - Response: 200
2025-06-26 09:00:54,833 - fastapi - INFO - main.py:73 - Request: GET http://localhost:8000/api/categories
2025-06-26 09:00:54,851 - fastapi - INFO - main.py:75 - Response: 200
2025-06-26 09:00:54,862 - fastapi - INFO - main.py:75 - Response: 200
2025-06-26 09:01:21,582 - fastapi - INFO - main.py:73 - Request: OPTIONS http://localhost:8000/api/upload-url
2025-06-26 09:01:21,584 - fastapi - INFO - main.py:75 - Response: 200
2025-06-26 09:01:21,586 - fastapi - INFO - main.py:73 - Request: POST http://localhost:8000/api/upload-url
2025-06-26 09:01:21,590 - fastapi - INFO - main.py:75 - Response: 200
2025-06-26 09:01:25,428 - fastapi - INFO - main.py:73 - Request: OPTIONS http://localhost:8000/api/posts/tech-snacks-for-developers
2025-06-26 09:01:25,429 - fastapi - INFO - main.py:75 - Response: 200
2025-06-26 09:01:25,431 - fastapi - INFO - main.py:73 - Request: PUT http://localhost:8000/api/posts/tech-snacks-for-developers
2025-06-26 09:01:25,502 - fastapi - INFO - main.py:75 - Response: 200
2025-06-26 09:01:25,628 - fastapi - INFO - main.py:73 - Request: GET http://localhost:8000/api/admin/posts
2025-06-26 09:01:25,712 - fastapi - INFO - main.py:75 - Response: 200
2025-06-26 09:01:34,776 - fastapi - INFO - main.py:73 - Request: OPTIONS http://localhost:8000/api/images
2025-06-26 09:01:34,777 - fastapi - INFO - main.py:75 - Response: 200
2025-06-26 09:01:34,779 - fastapi - INFO - main.py:73 - Request: GET http://localhost:8000/api/images
2025-06-26 09:01:35,125 - fastapi - INFO - main.py:75 - Response: 200
2025-06-26 09:01:35,128 - fastapi - INFO - main.py:73 - Request: GET http://localhost:8000/api/images
2025-06-26 09:01:35,253 - fastapi - INFO - main.py:75 - Response: 200
2025-06-26 09:01:40,572 - fastapi - INFO - main.py:73 - Request: GET http://localhost:8000/api/posts
2025-06-26 09:01:40,584 - fastapi - INFO - main.py:73 - Request: GET http://localhost:8000/api/posts
2025-06-26 09:01:40,656 - fastapi - INFO - main.py:75 - Response: 200
2025-06-26 09:01:40,661 - fastapi - INFO - main.py:75 - Response: 200
2025-06-26 09:03:40,011 - fastapi - INFO - main.py:73 - Request: OPTIONS http://localhost:8000/api/posts/why-i-still-love-php
2025-06-26 09:03:40,012 - fastapi - INFO - main.py:75 - Response: 200
2025-06-26 09:03:40,015 - fastapi - INFO - main.py:73 - Request: GET http://localhost:8000/api/posts/why-i-still-love-php
2025-06-26 09:03:40,117 - fastapi - INFO - main.py:75 - Response: 200
2025-06-26 09:03:40,120 - fastapi - INFO - main.py:73 - Request: GET http://localhost:8000/api/posts/why-i-still-love-php
2025-06-26 09:03:40,142 - fastapi - INFO - main.py:73 - Request: GET http://localhost:8000/api/categories
2025-06-26 09:03:40,146 - fastapi - INFO - main.py:75 - Response: 200
2025-06-26 09:03:40,147 - fastapi - INFO - main.py:73 - Request: GET http://localhost:8000/api/categories
2025-06-26 09:03:40,170 - fastapi - INFO - main.py:75 - Response: 200
2025-06-26 09:03:40,178 - fastapi - INFO - main.py:75 - Response: 200
2025-06-26 09:03:55,320 - fastapi - INFO - main.py:73 - Request: POST http://localhost:8000/api/upload-url
2025-06-26 09:03:55,325 - fastapi - INFO - main.py:75 - Response: 200
2025-06-26 09:03:58,535 - fastapi - INFO - main.py:73 - Request: OPTIONS http://localhost:8000/api/posts/why-i-still-love-php
2025-06-26 09:03:58,536 - fastapi - INFO - main.py:75 - Response: 200
2025-06-26 09:03:58,539 - fastapi - INFO - main.py:73 - Request: PUT http://localhost:8000/api/posts/why-i-still-love-php
2025-06-26 09:03:58,612 - fastapi - INFO - main.py:75 - Response: 200
2025-06-26 09:03:58,740 - fastapi - INFO - main.py:73 - Request: GET http://localhost:8000/api/admin/posts
2025-06-26 09:03:58,823 - fastapi - INFO - main.py:75 - Response: 200
2025-06-26 09:05:03,132 - fastapi - INFO - main.py:73 - Request: OPTIONS http://localhost:8000/api/posts/preparing-for-salesforce-interview
2025-06-26 09:05:03,133 - fastapi - INFO - main.py:75 - Response: 200
2025-06-26 09:05:03,136 - fastapi - INFO - main.py:73 - Request: GET http://localhost:8000/api/posts/preparing-for-salesforce-interview
2025-06-26 09:05:03,172 - fastapi - INFO - main.py:75 - Response: 200
2025-06-26 09:05:03,176 - fastapi - INFO - main.py:73 - Request: GET http://localhost:8000/api/posts/preparing-for-salesforce-interview
2025-06-26 09:05:03,203 - fastapi - INFO - main.py:73 - Request: GET http://localhost:8000/api/categories
2025-06-26 09:05:03,206 - fastapi - INFO - main.py:75 - Response: 200
2025-06-26 09:05:03,209 - fastapi - INFO - main.py:73 - Request: GET http://localhost:8000/api/categories
2025-06-26 09:05:03,234 - fastapi - INFO - main.py:75 - Response: 200
2025-06-26 09:05:03,236 - fastapi - INFO - main.py:75 - Response: 200
2025-06-26 09:05:23,842 - fastapi - INFO - main.py:73 - Request: POST http://localhost:8000/api/upload-url
2025-06-26 09:05:23,849 - fastapi - INFO - main.py:75 - Response: 200
2025-06-26 09:05:27,576 - fastapi - INFO - main.py:73 - Request: OPTIONS http://localhost:8000/api/posts/preparing-for-salesforce-interview
2025-06-26 09:05:27,577 - fastapi - INFO - main.py:75 - Response: 200
2025-06-26 09:05:27,579 - fastapi - INFO - main.py:73 - Request: PUT http://localhost:8000/api/posts/preparing-for-salesforce-interview
2025-06-26 09:05:27,667 - fastapi - INFO - main.py:75 - Response: 200
2025-06-26 09:05:27,794 - fastapi - INFO - main.py:73 - Request: GET http://localhost:8000/api/admin/posts
2025-06-26 09:05:27,881 - fastapi - INFO - main.py:75 - Response: 200
2025-06-26 09:06:23,423 - fastapi - INFO - main.py:73 - Request: GET http://localhost:8000/api/categories
2025-06-26 09:06:23,429 - fastapi - INFO - main.py:73 - Request: GET http://localhost:8000/api/categories
2025-06-26 09:06:23,460 - fastapi - INFO - main.py:75 - Response: 200
2025-06-26 09:06:23,469 - fastapi - INFO - main.py:75 - Response: 200
2025-06-26 09:06:57,594 - fastapi - INFO - main.py:73 - Request: OPTIONS http://localhost:8000/api/posts/this-meeting-couldve-been-a-comment
2025-06-26 09:06:57,595 - fastapi - INFO - main.py:75 - Response: 200
2025-06-26 09:06:57,602 - fastapi - INFO - main.py:73 - Request: GET http://localhost:8000/api/posts/this-meeting-couldve-been-a-comment
2025-06-26 09:06:57,636 - fastapi - INFO - main.py:75 - Response: 200
2025-06-26 09:06:57,639 - fastapi - INFO - main.py:73 - Request: GET http://localhost:8000/api/posts/this-meeting-couldve-been-a-comment
2025-06-26 09:06:57,654 - fastapi - INFO - main.py:73 - Request: GET http://localhost:8000/api/categories
2025-06-26 09:06:57,662 - fastapi - INFO - main.py:73 - Request: GET http://localhost:8000/api/categories
2025-06-26 09:06:57,665 - fastapi - INFO - main.py:75 - Response: 200
2025-06-26 09:06:57,685 - fastapi - INFO - main.py:75 - Response: 200
2025-06-26 09:06:57,690 - fastapi - INFO - main.py:75 - Response: 200
2025-06-26 09:07:28,409 - fastapi - INFO - main.py:73 - Request: POST http://localhost:8000/api/upload-url
2025-06-26 09:07:28,412 - fastapi - INFO - main.py:75 - Response: 401
2025-06-26 09:07:34,746 - fastapi - INFO - main.py:73 - Request: GET http://localhost:8000/api/posts/this-meeting-couldve-been-a-comment
2025-06-26 09:07:34,779 - fastapi - INFO - main.py:75 - Response: 200
2025-06-26 09:07:34,833 - fastapi - INFO - main.py:73 - Request: GET http://localhost:8000/api/categories
2025-06-26 09:07:34,838 - fastapi - INFO - main.py:73 - Request: GET http://localhost:8000/api/categories
2025-06-26 09:07:34,860 - fastapi - INFO - main.py:75 - Response: 200
2025-06-26 09:07:34,866 - fastapi - INFO - main.py:75 - Response: 200
2025-06-26 09:07:50,707 - fastapi - INFO - main.py:73 - Request: POST http://localhost:8000/api/upload-url
2025-06-26 09:07:50,709 - fastapi - INFO - main.py:75 - Response: 401
2025-06-26 09:08:23,420 - fastapi - INFO - main.py:73 - Request: POST http://localhost:8000/api/login
2025-06-26 09:08:23,422 - fastapi - INFO - main.py:99 - Successful login for user: admin
2025-06-26 09:08:23,424 - fastapi - INFO - main.py:75 - Response: 200
2025-06-26 09:08:24,083 - fastapi - INFO - main.py:73 - Request: GET http://localhost:8000/api/admin/posts
2025-06-26 09:08:24,160 - fastapi - INFO - main.py:75 - Response: 200
2025-06-26 09:08:26,884 - fastapi - INFO - main.py:73 - Request: GET http://localhost:8000/api/posts/this-meeting-couldve-been-a-comment
2025-06-26 09:08:26,923 - fastapi - INFO - main.py:75 - Response: 200
2025-06-26 09:08:26,989 - fastapi - INFO - main.py:73 - Request: GET http://localhost:8000/api/categories
2025-06-26 09:08:26,995 - fastapi - INFO - main.py:73 - Request: GET http://localhost:8000/api/categories
2025-06-26 09:08:27,018 - fastapi - INFO - main.py:75 - Response: 200
2025-06-26 09:08:27,027 - fastapi - INFO - main.py:75 - Response: 200
2025-06-26 09:08:28,216 - fastapi - INFO - main.py:73 - Request: GET http://localhost:8000/api/posts/this-meeting-couldve-been-a-comment
2025-06-26 09:08:28,249 - fastapi - INFO - main.py:75 - Response: 200
2025-06-26 09:08:28,307 - fastapi - INFO - main.py:73 - Request: GET http://localhost:8000/api/categories
2025-06-26 09:08:28,312 - fastapi - INFO - main.py:73 - Request: GET http://localhost:8000/api/categories
2025-06-26 09:08:28,334 - fastapi - INFO - main.py:75 - Response: 200
2025-06-26 09:08:28,344 - fastapi - INFO - main.py:75 - Response: 200
2025-06-26 09:08:32,893 - fastapi - INFO - main.py:73 - Request: POST http://localhost:8000/api/upload-url
2025-06-26 09:08:32,898 - fastapi - INFO - main.py:75 - Response: 200
2025-06-26 09:08:36,030 - fastapi - INFO - main.py:73 - Request: OPTIONS http://localhost:8000/api/posts/this-meeting-couldve-been-a-comment
2025-06-26 09:08:36,031 - fastapi - INFO - main.py:75 - Response: 200
2025-06-26 09:08:36,034 - fastapi - INFO - main.py:73 - Request: PUT http://localhost:8000/api/posts/this-meeting-couldve-been-a-comment
2025-06-26 09:08:36,135 - fastapi - INFO - main.py:75 - Response: 200
2025-06-26 09:08:36,412 - fastapi - INFO - main.py:73 - Request: GET http://localhost:8000/api/admin/posts
2025-06-26 09:08:36,492 - fastapi - INFO - main.py:75 - Response: 200
2025-06-26 09:09:01,476 - fastapi - INFO - main.py:73 - Request: OPTIONS http://localhost:8000/api/posts/my-local-dev-setup
2025-06-26 09:09:01,477 - fastapi - INFO - main.py:75 - Response: 200
2025-06-26 09:09:01,482 - fastapi - INFO - main.py:73 - Request: GET http://localhost:8000/api/posts/my-local-dev-setup
2025-06-26 09:09:01,517 - fastapi - INFO - main.py:75 - Response: 200
2025-06-26 09:09:01,520 - fastapi - INFO - main.py:73 - Request: GET http://localhost:8000/api/posts/my-local-dev-setup
2025-06-26 09:09:01,547 - fastapi - INFO - main.py:75 - Response: 200
2025-06-26 09:09:01,557 - fastapi - INFO - main.py:73 - Request: GET http://localhost:8000/api/categories
2025-06-26 09:09:01,564 - fastapi - INFO - main.py:73 - Request: GET http://localhost:8000/api/categories
2025-06-26 09:09:01,588 - fastapi - INFO - main.py:75 - Response: 200
2025-06-26 09:09:01,592 - fastapi - INFO - main.py:75 - Response: 200
2025-06-26 09:09:03,620 - fastapi - INFO - main.py:73 - Request: GET http://localhost:8000/api/images
2025-06-26 09:09:04,009 - fastapi - INFO - main.py:75 - Response: 200
2025-06-26 09:09:09,298 - fastapi - INFO - main.py:73 - Request: OPTIONS http://localhost:8000/api/posts/my-local-dev-setup
2025-06-26 09:09:09,299 - fastapi - INFO - main.py:75 - Response: 200
2025-06-26 09:09:09,301 - fastapi - INFO - main.py:73 - Request: PUT http://localhost:8000/api/posts/my-local-dev-setup
2025-06-26 09:09:09,377 - fastapi - INFO - main.py:75 - Response: 200
2025-06-26 09:09:09,509 - fastapi - INFO - main.py:73 - Request: GET http://localhost:8000/api/admin/posts
2025-06-26 09:09:09,584 - fastapi - INFO - main.py:75 - Response: 200
2025-06-26 09:09:19,603 - fastapi - INFO - main.py:73 - Request: OPTIONS http://localhost:8000/api/posts/building-methodistcrm
2025-06-26 09:09:19,612 - fastapi - INFO - main.py:75 - Response: 200
2025-06-26 09:09:19,633 - fastapi - INFO - main.py:73 - Request: GET http://localhost:8000/api/posts/building-methodistcrm
2025-06-26 09:09:19,669 - fastapi - INFO - main.py:75 - Response: 200
2025-06-26 09:09:19,672 - fastapi - INFO - main.py:73 - Request: GET http://localhost:8000/api/posts/building-methodistcrm
2025-06-26 09:09:19,699 - fastapi - INFO - main.py:73 - Request: GET http://localhost:8000/api/categories
2025-06-26 09:09:19,702 - fastapi - INFO - main.py:75 - Response: 200
2025-06-26 09:09:19,706 - fastapi - INFO - main.py:73 - Request: GET http://localhost:8000/api/categories
2025-06-26 09:09:19,725 - fastapi - INFO - main.py:75 - Response: 200
2025-06-26 09:09:19,741 - fastapi - INFO - main.py:75 - Response: 200
2025-06-26 09:09:21,550 - fastapi - INFO - main.py:73 - Request: GET http://localhost:8000/api/images
2025-06-26 09:09:21,649 - fastapi - INFO - main.py:75 - Response: 200
2025-06-26 09:10:09,817 - fastapi - INFO - main.py:73 - Request: POST http://localhost:8000/api/upload-url
2025-06-26 09:10:09,821 - fastapi - INFO - main.py:75 - Response: 200
2025-06-26 09:10:16,523 - fastapi - INFO - main.py:73 - Request: OPTIONS http://localhost:8000/api/posts/building-methodistcrm
2025-06-26 09:10:16,524 - fastapi - INFO - main.py:75 - Response: 200
2025-06-26 09:10:16,526 - fastapi - INFO - main.py:73 - Request: PUT http://localhost:8000/api/posts/building-methodistcrm
2025-06-26 09:10:16,608 - fastapi - INFO - main.py:75 - Response: 200
2025-06-26 09:10:16,745 - fastapi - INFO - main.py:73 - Request: GET http://localhost:8000/api/admin/posts
2025-06-26 09:10:16,826 - fastapi - INFO - main.py:75 - Response: 200
2025-06-26 09:10:32,498 - fastapi - INFO - main.py:73 - Request: OPTIONS http://localhost:8000/api/posts/docker-networking-for-humans
2025-06-26 09:10:32,500 - fastapi - INFO - main.py:75 - Response: 200
2025-06-26 09:10:32,504 - fastapi - INFO - main.py:73 - Request: GET http://localhost:8000/api/posts/docker-networking-for-humans
2025-06-26 09:10:32,536 - fastapi - INFO - main.py:75 - Response: 200
2025-06-26 09:10:32,540 - fastapi - INFO - main.py:73 - Request: GET http://localhost:8000/api/posts/docker-networking-for-humans
2025-06-26 09:10:32,565 - fastapi - INFO - main.py:73 - Request: GET http://localhost:8000/api/categories
2025-06-26 09:10:32,571 - fastapi - INFO - main.py:73 - Request: GET http://localhost:8000/api/categories
2025-06-26 09:10:32,577 - fastapi - INFO - main.py:75 - Response: 200
2025-06-26 09:10:32,596 - fastapi - INFO - main.py:75 - Response: 200
2025-06-26 09:10:32,602 - fastapi - INFO - main.py:75 - Response: 200
2025-06-26 09:10:48,286 - fastapi - INFO - main.py:73 - Request: POST http://localhost:8000/api/upload-url
2025-06-26 09:10:48,290 - fastapi - INFO - main.py:75 - Response: 200
2025-06-26 09:10:52,016 - fastapi - INFO - main.py:73 - Request: OPTIONS http://localhost:8000/api/posts/docker-networking-for-humans
2025-06-26 09:10:52,018 - fastapi - INFO - main.py:75 - Response: 200
2025-06-26 09:10:52,021 - fastapi - INFO - main.py:73 - Request: PUT http://localhost:8000/api/posts/docker-networking-for-humans
2025-06-26 09:10:52,108 - fastapi - INFO - main.py:75 - Response: 200
2025-06-26 09:10:52,246 - fastapi - INFO - main.py:73 - Request: OPTIONS http://localhost:8000/api/admin/posts
2025-06-26 09:10:52,247 - fastapi - INFO - main.py:75 - Response: 200
2025-06-26 09:10:52,249 - fastapi - INFO - main.py:73 - Request: GET http://localhost:8000/api/admin/posts
2025-06-26 09:10:52,324 - fastapi - INFO - main.py:75 - Response: 200
2025-06-26 09:11:08,246 - fastapi - INFO - main.py:73 - Request: GET http://localhost:8000/api/posts
2025-06-26 09:11:08,258 - fastapi - INFO - main.py:73 - Request: GET http://localhost:8000/api/posts
2025-06-26 09:11:08,324 - fastapi - INFO - main.py:75 - Response: 200
2025-06-26 09:11:08,335 - fastapi - INFO - main.py:75 - Response: 200
2025-06-26 09:11:19,774 - fastapi - INFO - main.py:73 - Request: GET http://localhost:8000/api/images
2025-06-26 09:11:20,096 - fastapi - INFO - main.py:75 - Response: 200
2025-06-26 09:11:20,101 - fastapi - INFO - main.py:73 - Request: GET http://localhost:8000/api/images
2025-06-26 09:11:20,195 - fastapi - INFO - main.py:75 - Response: 200
2025-06-26 09:11:53,387 - fastapi - INFO - main.py:73 - Request: GET http://localhost:8000/api/admin/posts
2025-06-26 09:11:53,461 - fastapi - INFO - main.py:75 - Response: 200
2025-06-26 09:14:43,098 - fastapi - INFO - main.py:73 - Request: GET http://localhost:8000/api/posts/docker-networking-for-humans
2025-06-26 09:14:43,136 - fastapi - INFO - main.py:75 - Response: 200
2025-06-26 09:14:43,139 - fastapi - INFO - main.py:73 - Request: GET http://localhost:8000/api/posts/docker-networking-for-humans
2025-06-26 09:14:43,162 - fastapi - INFO - main.py:75 - Response: 200
2025-06-26 09:14:43,201 - fastapi - INFO - main.py:73 - Request: GET http://localhost:8000/api/categories
2025-06-26 09:14:43,211 - fastapi - INFO - main.py:73 - Request: GET http://localhost:8000/api/categories
2025-06-26 09:14:43,228 - fastapi - INFO - main.py:75 - Response: 200
2025-06-26 09:14:43,236 - fastapi - INFO - main.py:75 - Response: 200
2025-06-26 09:14:43,522 - fastapi - INFO - main.py:73 - Request: GET http://localhost:8000/api/categories
2025-06-26 09:14:43,531 - fastapi - INFO - main.py:73 - Request: GET http://localhost:8000/api/categories
2025-06-26 09:14:43,552 - fastapi - INFO - main.py:75 - Response: 200
2025-06-26 09:14:43,560 - fastapi - INFO - main.py:75 - Response: 200
2025-06-26 09:19:04,696 - fastapi - INFO - main.py:73 - Request: GET http://localhost:8000/api/posts/docker-networking-for-humans
2025-06-26 09:19:04,725 - fastapi - INFO - main.py:75 - Response: 200
2025-06-26 09:19:04,804 - fastapi - INFO - main.py:73 - Request: GET http://localhost:8000/api/categories
2025-06-26 09:19:04,812 - fastapi - INFO - main.py:73 - Request: GET http://localhost:8000/api/categories
2025-06-26 09:19:04,833 - fastapi - INFO - main.py:75 - Response: 200
2025-06-26 09:19:04,848 - fastapi - INFO - main.py:75 - Response: 200
2025-06-26 09:20:51,247 - fastapi - INFO - main.py:73 - Request: OPTIONS http://localhost:8000/api/admin/posts
2025-06-26 09:20:51,249 - fastapi - INFO - main.py:75 - Response: 200
2025-06-26 09:20:51,253 - fastapi - INFO - main.py:73 - Request: GET http://localhost:8000/api/admin/posts
2025-06-26 09:20:51,327 - fastapi - INFO - main.py:75 - Response: 200
2025-06-26 09:20:56,237 - fastapi - INFO - main.py:73 - Request: OPTIONS http://localhost:8000/api/posts/my-local-dev-setup
2025-06-26 09:20:56,240 - fastapi - INFO - main.py:73 - Request: OPTIONS http://localhost:8000/api/posts/my-local-dev-setup
2025-06-26 09:20:56,241 - fastapi - INFO - main.py:75 - Response: 200
2025-06-26 09:20:56,243 - fastapi - INFO - main.py:75 - Response: 200
2025-06-26 09:20:56,250 - fastapi - INFO - main.py:73 - Request: GET http://localhost:8000/api/posts/my-local-dev-setup
2025-06-26 09:20:56,252 - fastapi - INFO - main.py:73 - Request: GET http://localhost:8000/api/posts/my-local-dev-setup
2025-06-26 09:20:56,285 - fastapi - INFO - main.py:75 - Response: 200
2025-06-26 09:20:56,291 - fastapi - INFO - main.py:75 - Response: 200
2025-06-26 09:20:56,335 - fastapi - INFO - main.py:73 - Request: GET http://localhost:8000/api/categories
2025-06-26 09:20:56,339 - fastapi - INFO - main.py:73 - Request: GET http://localhost:8000/api/categories
2025-06-26 09:20:56,370 - fastapi - INFO - main.py:75 - Response: 200
2025-06-26 09:20:56,375 - fastapi - INFO - main.py:75 - Response: 200
2025-06-26 09:21:18,372 - fastapi - INFO - main.py:73 - Request: OPTIONS http://localhost:8000/api/upload-url
2025-06-26 09:21:18,374 - fastapi - INFO - main.py:75 - Response: 200
2025-06-26 09:21:18,377 - fastapi - INFO - main.py:73 - Request: POST http://localhost:8000/api/upload-url
2025-06-26 09:21:18,383 - fastapi - INFO - main.py:75 - Response: 200
2025-06-26 09:21:21,649 - fastapi - INFO - main.py:73 - Request: OPTIONS http://localhost:8000/api/posts/my-local-dev-setup
2025-06-26 09:21:21,651 - fastapi - INFO - main.py:75 - Response: 200
2025-06-26 09:21:21,653 - fastapi - INFO - main.py:73 - Request: PUT http://localhost:8000/api/posts/my-local-dev-setup
2025-06-26 09:21:21,733 - fastapi - INFO - main.py:75 - Response: 200
2025-06-26 09:21:21,868 - fastapi - INFO - main.py:73 - Request: OPTIONS http://localhost:8000/api/admin/posts
2025-06-26 09:21:21,869 - fastapi - INFO - main.py:75 - Response: 200
2025-06-26 09:21:21,871 - fastapi - INFO - main.py:73 - Request: GET http://localhost:8000/api/admin/posts
2025-06-26 09:21:21,948 - fastapi - INFO - main.py:75 - Response: 200
2025-06-26 09:22:41,141 - fastapi - INFO - main.py:73 - Request: OPTIONS http://localhost:8000/api/posts/docker-networking-for-humans
2025-06-26 09:22:41,143 - fastapi - INFO - main.py:75 - Response: 200
2025-06-26 09:22:41,147 - fastapi - INFO - main.py:73 - Request: GET http://localhost:8000/api/posts/docker-networking-for-humans
2025-06-26 09:22:41,182 - fastapi - INFO - main.py:75 - Response: 200
2025-06-26 09:22:41,184 - fastapi - INFO - main.py:73 - Request: GET http://localhost:8000/api/posts/docker-networking-for-humans
2025-06-26 09:22:41,209 - fastapi - INFO - main.py:73 - Request: GET http://localhost:8000/api/categories
2025-06-26 09:22:41,213 - fastapi - INFO - main.py:75 - Response: 200
2025-06-26 09:22:41,219 - fastapi - INFO - main.py:73 - Request: GET http://localhost:8000/api/categories
2025-06-26 09:22:41,240 - fastapi - INFO - main.py:75 - Response: 200
2025-06-26 09:22:41,251 - fastapi - INFO - main.py:75 - Response: 200
2025-06-26 09:36:47,343 - fastapi - INFO - main.py:52 - Starting up FastAPI application
2025-06-26 09:36:47,354 - fastapi - INFO - main.py:57 - Database connections established
2025-06-26 09:37:13,761 - fastapi - INFO - main.py:73 - Request: OPTIONS http://localhost:8000/api/posts/docker-networking-for-humans
2025-06-26 09:37:13,763 - fastapi - INFO - main.py:75 - Response: 200
2025-06-26 09:37:13,765 - fastapi - INFO - main.py:73 - Request: GET http://localhost:8000/api/posts/docker-networking-for-humans
2025-06-26 09:37:14,455 - fastapi - INFO - main.py:75 - Response: 200
2025-06-26 09:37:14,531 - fastapi - INFO - main.py:73 - Request: GET http://localhost:8000/api/categories
2025-06-26 09:37:14,534 - fastapi - INFO - main.py:73 - Request: GET http://localhost:8000/api/categories
2025-06-26 09:37:14,563 - fastapi - INFO - main.py:75 - Response: 200
2025-06-26 09:37:14,767 - fastapi - INFO - main.py:75 - Response: 200
2025-06-26 09:38:01,934 - fastapi - INFO - main.py:73 - Request: GET http://api:8000/api/posts
2025-06-26 09:38:02,013 - fastapi - INFO - main.py:75 - Response: 200
2025-06-26 09:38:02,071 - fastapi - INFO - main.py:73 - Request: GET http://api:8000/api/posts/my-local-dev-setup
2025-06-26 09:38:02,101 - fastapi - INFO - main.py:75 - Response: 200
2025-06-26 09:38:06,601 - fastapi - INFO - main.py:73 - Request: GET http://localhost:8000/api/posts
2025-06-26 09:38:06,646 - fastapi - INFO - main.py:73 - Request: GET http://localhost:8000/api/posts
2025-06-26 09:38:06,680 - fastapi - INFO - main.py:75 - Response: 200
2025-06-26 09:38:06,747 - fastapi - INFO - main.py:75 - Response: 200
2025-06-26 09:38:11,544 - fastapi - INFO - main.py:73 - Request: OPTIONS http://localhost:8000/api/posts/my-local-dev-setup
2025-06-26 09:38:11,545 - fastapi - INFO - main.py:75 - Response: 200
2025-06-26 09:38:11,548 - fastapi - INFO - main.py:73 - Request: GET http://localhost:8000/api/posts/my-local-dev-setup
2025-06-26 09:38:11,584 - fastapi - INFO - main.py:75 - Response: 200
2025-06-26 09:38:12,047 - fastapi - INFO - main.py:73 - Request: GET http://localhost:8000/api/categories
2025-06-26 09:38:12,058 - fastapi - INFO - main.py:73 - Request: GET http://localhost:8000/api/categories
2025-06-26 09:38:12,075 - fastapi - INFO - main.py:75 - Response: 200
2025-06-26 09:38:12,088 - fastapi - INFO - main.py:75 - Response: 200
2025-06-26 09:38:12,193 - fastapi - INFO - main.py:73 - Request: GET http://localhost:8000/api/categories
2025-06-26 09:38:12,203 - fastapi - INFO - main.py:73 - Request: GET http://localhost:8000/api/categories
2025-06-26 09:38:12,216 - fastapi - INFO - main.py:75 - Response: 200
2025-06-26 09:38:12,226 - fastapi - INFO - main.py:75 - Response: 200
2025-06-26 09:38:15,451 - fastapi - INFO - main.py:73 - Request: OPTIONS http://localhost:8000/api/images
2025-06-26 09:38:15,452 - fastapi - INFO - main.py:75 - Response: 200
2025-06-26 09:38:15,454 - fastapi - INFO - main.py:73 - Request: GET http://localhost:8000/api/images
2025-06-26 09:38:15,846 - fastapi - INFO - main.py:75 - Response: 200
2025-06-26 09:38:15,850 - fastapi - INFO - main.py:73 - Request: GET http://localhost:8000/api/images
2025-06-26 09:38:15,952 - fastapi - INFO - main.py:75 - Response: 200
2025-06-26 09:38:17,653 - fastapi - INFO - main.py:73 - Request: OPTIONS http://localhost:8000/api/admin/posts
2025-06-26 09:38:17,654 - fastapi - INFO - main.py:75 - Response: 200
2025-06-26 09:38:17,656 - fastapi - INFO - main.py:73 - Request: GET http://localhost:8000/api/admin/posts
2025-06-26 09:38:17,806 - fastapi - INFO - main.py:75 - Response: 200
2025-06-26 09:41:57,373 - fastapi - INFO - main.py:73 - Request: GET http://localhost:8000/api/categories
2025-06-26 09:41:57,376 - fastapi - INFO - main.py:73 - Request: GET http://localhost:8000/api/categories
2025-06-26 09:41:57,389 - fastapi - INFO - main.py:73 - Request: GET http://localhost:8000/api/categories
2025-06-26 09:41:57,394 - fastapi - INFO - main.py:73 - Request: GET http://localhost:8000/api/categories
2025-06-26 09:41:57,402 - fastapi - INFO - main.py:73 - Request: GET http://localhost:8000/api/categories
2025-06-26 09:41:57,406 - fastapi - INFO - main.py:73 - Request: GET http://localhost:8000/api/categories
2025-06-26 09:41:57,411 - fastapi - INFO - main.py:75 - Response: 200
2025-06-26 09:41:57,418 - fastapi - INFO - main.py:75 - Response: 200
2025-06-26 09:41:57,432 - fastapi - INFO - main.py:75 - Response: 200
2025-06-26 09:41:57,439 - fastapi - INFO - main.py:75 - Response: 200
2025-06-26 09:41:57,744 - fastapi - INFO - main.py:75 - Response: 200
2025-06-26 09:41:57,756 - fastapi - INFO - main.py:75 - Response: 200
2025-06-26 09:42:01,573 - fastapi - INFO - main.py:73 - Request: GET http://localhost:8000/api/posts/docker-networking-for-humans
2025-06-26 09:42:01,607 - fastapi - INFO - main.py:75 - Response: 200
2025-06-26 09:42:01,678 - fastapi - INFO - main.py:73 - Request: GET http://localhost:8000/api/categories
2025-06-26 09:42:01,685 - fastapi - INFO - main.py:73 - Request: GET http://localhost:8000/api/categories
2025-06-26 09:42:01,709 - fastapi - INFO - main.py:75 - Response: 200
2025-06-26 09:42:01,718 - fastapi - INFO - main.py:75 - Response: 200
2025-06-26 09:49:52,352 - fastapi - INFO - main.py:73 - Request: OPTIONS http://localhost:8000/api/posts/docker-networking-for-humans
2025-06-26 09:49:52,354 - fastapi - INFO - main.py:75 - Response: 200
2025-06-26 09:49:52,356 - fastapi - INFO - main.py:73 - Request: GET http://localhost:8000/api/posts/docker-networking-for-humans
2025-06-26 09:49:52,391 - fastapi - INFO - main.py:75 - Response: 200
2025-06-26 09:49:52,456 - fastapi - INFO - main.py:73 - Request: GET http://localhost:8000/api/categories
2025-06-26 09:49:52,462 - fastapi - INFO - main.py:73 - Request: GET http://localhost:8000/api/categories
2025-06-26 09:49:52,486 - fastapi - INFO - main.py:75 - Response: 200
2025-06-26 09:49:52,494 - fastapi - INFO - main.py:75 - Response: 200
2025-06-26 17:19:46,214 - fastapi - INFO - main.py:73 - Request: GET http://localhost:8000/api/posts
2025-06-26 17:19:46,222 - fastapi - INFO - main.py:73 - Request: GET http://localhost:8000/api/posts
2025-06-26 17:19:46,707 - fastapi - INFO - main.py:75 - Response: 200
2025-06-26 17:19:46,734 - fastapi - INFO - main.py:75 - Response: 200
2025-06-28 19:48:02,172 - fastapi - INFO - main.py:73 - Request: OPTIONS http://localhost:8000/api/posts/docker-networking-for-humans
2025-06-28 19:48:02,191 - fastapi - INFO - main.py:75 - Response: 200
2025-06-28 19:48:02,196 - fastapi - INFO - main.py:73 - Request: GET http://localhost:8000/api/posts/docker-networking-for-humans
2025-06-28 19:48:02,537 - fastapi - INFO - main.py:75 - Response: 200
2025-06-28 19:48:02,641 - fastapi - INFO - main.py:73 - Request: GET http://localhost:8000/api/categories
2025-06-28 19:48:02,645 - fastapi - INFO - main.py:73 - Request: GET http://localhost:8000/api/categories
2025-06-28 19:48:02,693 - fastapi - INFO - main.py:75 - Response: 200
2025-06-28 19:48:02,885 - fastapi - INFO - main.py:75 - Response: 200
2025-06-28 19:50:46,620 - fastapi - INFO - main.py:73 - Request: OPTIONS http://localhost:8000/api/posts/docker-networking-for-humans
2025-06-28 19:50:46,622 - fastapi - INFO - main.py:75 - Response: 200
2025-06-28 19:50:46,642 - fastapi - INFO - main.py:73 - Request: GET http://localhost:8000/api/posts/docker-networking-for-humans
2025-06-28 19:50:46,674 - fastapi - INFO - main.py:75 - Response: 200
2025-06-28 19:50:46,785 - fastapi - INFO - main.py:73 - Request: GET http://localhost:8000/api/categories
2025-06-28 19:50:46,789 - fastapi - INFO - main.py:73 - Request: GET http://localhost:8000/api/categories
2025-06-28 19:50:46,820 - fastapi - INFO - main.py:75 - Response: 200
2025-06-28 19:50:46,826 - fastapi - INFO - main.py:75 - Response: 200
2025-06-28 19:52:30,677 - fastapi - INFO - main.py:73 - Request: OPTIONS http://localhost:8000/api/posts/docker-networking-for-humans
2025-06-28 19:52:30,679 - fastapi - INFO - main.py:75 - Response: 200
2025-06-28 19:52:30,682 - fastapi - INFO - main.py:73 - Request: GET http://localhost:8000/api/posts/docker-networking-for-humans
2025-06-28 19:52:30,719 - fastapi - INFO - main.py:75 - Response: 200
2025-06-28 19:52:30,860 - fastapi - INFO - main.py:73 - Request: GET http://localhost:8000/api/categories
2025-06-28 19:52:30,863 - fastapi - INFO - main.py:73 - Request: GET http://localhost:8000/api/categories
2025-06-28 19:52:30,888 - fastapi - INFO - main.py:75 - Response: 200
2025-06-28 19:52:30,897 - fastapi - INFO - main.py:75 - Response: 200
2025-06-28 19:52:47,980 - fastapi - INFO - main.py:73 - Request: OPTIONS http://localhost:8000/api/admin/posts
2025-06-28 19:52:47,981 - fastapi - INFO - main.py:75 - Response: 200
2025-06-28 19:52:47,984 - fastapi - INFO - main.py:73 - Request: GET http://localhost:8000/api/admin/posts
2025-06-28 19:52:48,013 - fastapi - INFO - main.py:75 - Response: 401
2025-06-28 19:52:54,620 - fastapi - INFO - main.py:73 - Request: POST http://localhost:8000/api/login
2025-06-28 19:52:54,635 - fastapi - INFO - main.py:99 - Successful login for user: admin
2025-06-28 19:52:54,636 - fastapi - INFO - main.py:75 - Response: 200
2025-06-28 19:52:54,878 - fastapi - INFO - main.py:73 - Request: GET http://localhost:8000/api/admin/posts
2025-06-28 19:52:54,965 - fastapi - INFO - main.py:75 - Response: 200
2025-06-28 19:53:14,436 - fastapi - INFO - main.py:73 - Request: OPTIONS http://localhost:8000/api/posts/docker-networking-for-humans
2025-06-28 19:53:14,438 - fastapi - INFO - main.py:75 - Response: 200
2025-06-28 19:53:14,443 - fastapi - INFO - main.py:73 - Request: GET http://localhost:8000/api/posts/docker-networking-for-humans
2025-06-28 19:53:14,476 - fastapi - INFO - main.py:75 - Response: 200
2025-06-28 19:53:14,570 - fastapi - INFO - main.py:73 - Request: GET http://localhost:8000/api/categories
2025-06-28 19:53:14,573 - fastapi - INFO - main.py:73 - Request: GET http://localhost:8000/api/categories
2025-06-28 19:53:14,594 - fastapi - INFO - main.py:75 - Response: 200
2025-06-28 19:53:14,619 - fastapi - INFO - main.py:75 - Response: 200
2025-06-28 19:53:22,538 - fastapi - INFO - main.py:73 - Request: OPTIONS http://localhost:8000/api/posts/docker-networking-for-humans
2025-06-28 19:53:22,541 - fastapi - INFO - main.py:75 - Response: 200
2025-06-28 19:53:22,548 - fastapi - INFO - main.py:73 - Request: GET http://localhost:8000/api/posts/docker-networking-for-humans
2025-06-28 19:53:22,591 - fastapi - INFO - main.py:75 - Response: 200
2025-06-28 19:53:22,692 - fastapi - INFO - main.py:73 - Request: GET http://localhost:8000/api/categories
2025-06-28 19:53:22,695 - fastapi - INFO - main.py:73 - Request: GET http://localhost:8000/api/categories
2025-06-28 19:53:22,719 - fastapi - INFO - main.py:75 - Response: 200
2025-06-28 19:53:22,726 - fastapi - INFO - main.py:75 - Response: 200
2025-06-28 19:54:04,474 - fastapi - INFO - main.py:73 - Request: OPTIONS http://localhost:8000/api/posts/docker-networking-for-humans
2025-06-28 19:54:04,476 - fastapi - INFO - main.py:75 - Response: 200
2025-06-28 19:54:04,484 - fastapi - INFO - main.py:73 - Request: GET http://localhost:8000/api/posts/docker-networking-for-humans
2025-06-28 19:54:04,521 - fastapi - INFO - main.py:75 - Response: 200
2025-06-28 19:54:04,638 - fastapi - INFO - main.py:73 - Request: GET http://localhost:8000/api/categories
2025-06-28 19:54:04,640 - fastapi - INFO - main.py:73 - Request: GET http://localhost:8000/api/categories
2025-06-28 19:54:04,669 - fastapi - INFO - main.py:75 - Response: 200
2025-06-28 19:54:04,678 - fastapi - INFO - main.py:75 - Response: 200
2025-06-28 19:58:22,688 - fastapi - INFO - main.py:73 - Request: OPTIONS http://localhost:8000/api/posts/docker-networking-for-humans
2025-06-28 19:58:22,694 - fastapi - INFO - main.py:75 - Response: 200
2025-06-28 19:58:22,704 - fastapi - INFO - main.py:73 - Request: GET http://localhost:8000/api/posts/docker-networking-for-humans
2025-06-28 19:58:22,740 - fastapi - INFO - main.py:75 - Response: 200
2025-06-28 19:58:22,889 - fastapi - INFO - main.py:73 - Request: GET http://localhost:8000/api/categories
2025-06-28 19:58:22,893 - fastapi - INFO - main.py:73 - Request: GET http://localhost:8000/api/categories
2025-06-28 19:58:22,924 - fastapi - INFO - main.py:75 - Response: 200
2025-06-28 19:58:22,929 - fastapi - INFO - main.py:75 - Response: 200
2025-06-28 19:59:03,289 - fastapi - INFO - main.py:73 - Request: OPTIONS http://localhost:8000/api/posts/docker-networking-for-humans
2025-06-28 19:59:03,291 - fastapi - INFO - main.py:75 - Response: 200
2025-06-28 19:59:03,298 - fastapi - INFO - main.py:73 - Request: GET http://localhost:8000/api/posts/docker-networking-for-humans
2025-06-28 19:59:03,328 - fastapi - INFO - main.py:75 - Response: 200
2025-06-28 19:59:03,425 - fastapi - INFO - main.py:73 - Request: GET http://localhost:8000/api/categories
2025-06-28 19:59:03,428 - fastapi - INFO - main.py:73 - Request: GET http://localhost:8000/api/categories
2025-06-28 19:59:03,454 - fastapi - INFO - main.py:75 - Response: 200
2025-06-28 19:59:03,486 - fastapi - INFO - main.py:75 - Response: 200
2025-06-28 20:04:40,863 - fastapi - INFO - main.py:73 - Request: OPTIONS http://localhost:8000/api/posts/docker-networking-for-humans
2025-06-28 20:04:40,865 - fastapi - INFO - main.py:75 - Response: 200
2025-06-28 20:04:40,868 - fastapi - INFO - main.py:73 - Request: GET http://localhost:8000/api/posts/docker-networking-for-humans
2025-06-28 20:04:40,905 - fastapi - INFO - main.py:75 - Response: 200
2025-06-28 20:04:40,994 - fastapi - INFO - main.py:73 - Request: GET http://localhost:8000/api/categories
2025-06-28 20:04:40,997 - fastapi - INFO - main.py:73 - Request: GET http://localhost:8000/api/categories
2025-06-28 20:04:41,026 - fastapi - INFO - main.py:75 - Response: 200
2025-06-28 20:04:41,044 - fastapi - INFO - main.py:75 - Response: 200
2025-06-28 20:10:54,859 - fastapi - INFO - main.py:73 - Request: OPTIONS http://localhost:8000/api/posts/docker-networking-for-humans
2025-06-28 20:10:54,861 - fastapi - INFO - main.py:75 - Response: 200
2025-06-28 20:10:54,864 - fastapi - INFO - main.py:73 - Request: GET http://localhost:8000/api/posts/docker-networking-for-humans
2025-06-28 20:10:54,901 - fastapi - INFO - main.py:75 - Response: 200
2025-06-28 20:10:55,011 - fastapi - INFO - main.py:73 - Request: GET http://localhost:8000/api/categories
2025-06-28 20:10:55,014 - fastapi - INFO - main.py:73 - Request: GET http://localhost:8000/api/categories
2025-06-28 20:10:55,040 - fastapi - INFO - main.py:75 - Response: 200
2025-06-28 20:10:55,043 - fastapi - INFO - main.py:75 - Response: 200
2025-06-28 20:12:11,639 - fastapi - INFO - main.py:73 - Request: OPTIONS http://localhost:8000/api/posts/docker-networking-for-humans
2025-06-28 20:12:11,640 - fastapi - INFO - main.py:75 - Response: 200
2025-06-28 20:12:11,650 - fastapi - INFO - main.py:73 - Request: GET http://localhost:8000/api/posts/docker-networking-for-humans
2025-06-28 20:12:11,676 - fastapi - INFO - main.py:75 - Response: 200
2025-06-28 20:12:11,774 - fastapi - INFO - main.py:73 - Request: GET http://localhost:8000/api/categories
2025-06-28 20:12:11,780 - fastapi - INFO - main.py:73 - Request: GET http://localhost:8000/api/categories
2025-06-28 20:12:11,805 - fastapi - INFO - main.py:75 - Response: 200
2025-06-28 20:12:11,809 - fastapi - INFO - main.py:75 - Response: 200
2025-06-28 20:12:33,643 - fastapi - INFO - main.py:73 - Request: OPTIONS http://localhost:8000/api/posts/docker-networking-for-humans
2025-06-28 20:12:33,649 - fastapi - INFO - main.py:75 - Response: 200
2025-06-28 20:12:33,672 - fastapi - INFO - main.py:73 - Request: GET http://localhost:8000/api/posts/docker-networking-for-humans
2025-06-28 20:12:33,720 - fastapi - INFO - main.py:75 - Response: 200
2025-06-28 20:12:33,851 - fastapi - INFO - main.py:73 - Request: GET http://localhost:8000/api/categories
2025-06-28 20:12:33,853 - fastapi - INFO - main.py:73 - Request: GET http://localhost:8000/api/categories
2025-06-28 20:12:33,902 - fastapi - INFO - main.py:75 - Response: 200
2025-06-28 20:12:33,906 - fastapi - INFO - main.py:75 - Response: 200
2025-06-28 20:16:23,616 - fastapi - INFO - main.py:73 - Request: OPTIONS http://localhost:8000/api/posts/docker-networking-for-humans
2025-06-28 20:16:23,618 - fastapi - INFO - main.py:75 - Response: 200
2025-06-28 20:16:23,620 - fastapi - INFO - main.py:73 - Request: GET http://localhost:8000/api/posts/docker-networking-for-humans
2025-06-28 20:16:23,660 - fastapi - INFO - main.py:75 - Response: 200
2025-06-28 20:16:23,901 - fastapi - INFO - main.py:73 - Request: GET http://localhost:8000/api/categories
2025-06-28 20:16:23,905 - fastapi - INFO - main.py:73 - Request: GET http://localhost:8000/api/categories
2025-06-28 20:16:23,934 - fastapi - INFO - main.py:75 - Response: 200
2025-06-28 20:16:24,101 - fastapi - INFO - main.py:75 - Response: 200
2025-06-28 20:16:42,438 - fastapi - INFO - main.py:73 - Request: OPTIONS http://localhost:8000/api/posts/docker-networking-for-humans
2025-06-28 20:16:42,440 - fastapi - INFO - main.py:75 - Response: 200
2025-06-28 20:16:42,444 - fastapi - INFO - main.py:73 - Request: GET http://localhost:8000/api/posts/docker-networking-for-humans
2025-06-28 20:16:42,547 - fastapi - INFO - main.py:75 - Response: 200
2025-06-28 20:16:42,650 - fastapi - INFO - main.py:73 - Request: GET http://localhost:8000/api/categories
2025-06-28 20:16:42,653 - fastapi - INFO - main.py:73 - Request: GET http://localhost:8000/api/categories
2025-06-28 20:16:42,679 - fastapi - INFO - main.py:75 - Response: 200
2025-06-28 20:16:42,686 - fastapi - INFO - main.py:75 - Response: 200
2025-06-28 20:17:31,366 - fastapi - INFO - main.py:73 - Request: OPTIONS http://localhost:8000/api/posts/docker-networking-for-humans
2025-06-28 20:17:31,368 - fastapi - INFO - main.py:75 - Response: 200
2025-06-28 20:17:31,372 - fastapi - INFO - main.py:73 - Request: GET http://localhost:8000/api/posts/docker-networking-for-humans
2025-06-28 20:17:31,402 - fastapi - INFO - main.py:75 - Response: 200
2025-06-28 20:17:31,483 - fastapi - INFO - main.py:73 - Request: GET http://localhost:8000/api/categories
2025-06-28 20:17:31,486 - fastapi - INFO - main.py:73 - Request: GET http://localhost:8000/api/categories
2025-06-28 20:17:31,514 - fastapi - INFO - main.py:75 - Response: 200
2025-06-28 20:17:31,523 - fastapi - INFO - main.py:75 - Response: 200
2025-06-28 20:19:23,909 - fastapi - INFO - main.py:73 - Request: OPTIONS http://localhost:8000/api/posts/docker-networking-for-humans
2025-06-28 20:19:23,910 - fastapi - INFO - main.py:75 - Response: 200
2025-06-28 20:19:23,913 - fastapi - INFO - main.py:73 - Request: GET http://localhost:8000/api/posts/docker-networking-for-humans
2025-06-28 20:19:23,945 - fastapi - INFO - main.py:75 - Response: 200
2025-06-28 20:19:24,063 - fastapi - INFO - main.py:73 - Request: GET http://localhost:8000/api/categories
2025-06-28 20:19:24,068 - fastapi - INFO - main.py:73 - Request: GET http://localhost:8000/api/categories
2025-06-28 20:19:24,092 - fastapi - INFO - main.py:75 - Response: 200
2025-06-28 20:19:24,103 - fastapi - INFO - main.py:75 - Response: 200
2025-06-28 20:23:18,850 - fastapi - INFO - main.py:73 - Request: OPTIONS http://localhost:8000/api/admin/posts
2025-06-28 20:23:18,853 - fastapi - INFO - main.py:75 - Response: 200
2025-06-28 20:23:18,856 - fastapi - INFO - main.py:73 - Request: GET http://localhost:8000/api/admin/posts
2025-06-28 20:23:18,932 - fastapi - INFO - main.py:75 - Response: 200
2025-06-28 20:23:23,020 - fastapi - INFO - main.py:73 - Request: GET http://api:8000/api/posts/docker-networking-for-humans
2025-06-28 20:23:23,053 - fastapi - INFO - main.py:75 - Response: 200
2025-06-28 20:23:24,227 - fastapi - INFO - main.py:73 - Request: GET http://api:8000/api/posts
2025-06-28 20:23:24,330 - fastapi - INFO - main.py:75 - Response: 200
2025-06-28 20:38:56,996 - fastapi - INFO - main.py:73 - Request: OPTIONS http://localhost:8000/api/posts/docker-networking-for-humans
2025-06-28 20:38:56,999 - fastapi - INFO - main.py:75 - Response: 200
2025-06-28 20:38:57,002 - fastapi - INFO - main.py:73 - Request: GET http://localhost:8000/api/posts/docker-networking-for-humans
2025-06-28 20:38:57,039 - fastapi - INFO - main.py:75 - Response: 200
2025-06-28 20:38:57,130 - fastapi - INFO - main.py:73 - Request: GET http://localhost:8000/api/categories
2025-06-28 20:38:57,135 - fastapi - INFO - main.py:73 - Request: GET http://localhost:8000/api/categories
2025-06-28 20:38:57,158 - fastapi - INFO - main.py:75 - Response: 200
2025-06-28 20:38:57,178 - fastapi - INFO - main.py:75 - Response: 200
2025-06-28 21:10:40,831 - fastapi - INFO - main.py:73 - Request: OPTIONS http://localhost:8000/api/posts/docker-networking-for-humans
2025-06-28 21:10:40,833 - fastapi - INFO - main.py:75 - Response: 200
2025-06-28 21:10:40,836 - fastapi - INFO - main.py:73 - Request: GET http://localhost:8000/api/posts/docker-networking-for-humans
2025-06-28 21:10:40,873 - fastapi - INFO - main.py:75 - Response: 200
2025-06-28 21:10:41,008 - fastapi - INFO - main.py:73 - Request: GET http://localhost:8000/api/categories
2025-06-28 21:10:41,011 - fastapi - INFO - main.py:73 - Request: GET http://localhost:8000/api/categories
2025-06-28 21:10:41,030 - fastapi - INFO - main.py:75 - Response: 200
2025-06-28 21:10:41,053 - fastapi - INFO - main.py:75 - Response: 200
2025-06-28 21:10:53,895 - fastapi - INFO - main.py:73 - Request: OPTIONS http://localhost:8000/api/posts/docker-networking-for-humans
2025-06-28 21:10:53,897 - fastapi - INFO - main.py:75 - Response: 200
2025-06-28 21:10:53,899 - fastapi - INFO - main.py:73 - Request: GET http://localhost:8000/api/posts/docker-networking-for-humans
2025-06-28 21:10:53,931 - fastapi - INFO - main.py:75 - Response: 200
2025-06-28 21:10:54,003 - fastapi - INFO - main.py:73 - Request: GET http://localhost:8000/api/categories
2025-06-28 21:10:54,005 - fastapi - INFO - main.py:73 - Request: GET http://localhost:8000/api/categories
2025-06-28 21:10:54,041 - fastapi - INFO - main.py:75 - Response: 200
2025-06-28 21:10:54,043 - fastapi - INFO - main.py:75 - Response: 200
2025-06-28 21:11:29,964 - fastapi - INFO - main.py:73 - Request: OPTIONS http://localhost:8000/api/posts/docker-networking-for-humans
2025-06-28 21:11:29,966 - fastapi - INFO - main.py:75 - Response: 200
2025-06-28 21:11:29,974 - fastapi - INFO - main.py:73 - Request: GET http://localhost:8000/api/posts/docker-networking-for-humans
2025-06-28 21:11:30,007 - fastapi - INFO - main.py:75 - Response: 200
2025-06-28 21:11:30,107 - fastapi - INFO - main.py:73 - Request: GET http://localhost:8000/api/categories
2025-06-28 21:11:30,110 - fastapi - INFO - main.py:73 - Request: GET http://localhost:8000/api/categories
2025-06-28 21:11:30,142 - fastapi - INFO - main.py:75 - Response: 200
2025-06-28 21:11:30,146 - fastapi - INFO - main.py:75 - Response: 200
2025-06-28 21:23:23,534 - fastapi - INFO - main.py:73 - Request: OPTIONS http://localhost:8000/api/posts/docker-networking-for-humans
2025-06-28 21:23:23,536 - fastapi - INFO - main.py:75 - Response: 200
2025-06-28 21:23:23,538 - fastapi - INFO - main.py:73 - Request: GET http://localhost:8000/api/posts/docker-networking-for-humans
2025-06-28 21:23:23,764 - fastapi - INFO - main.py:75 - Response: 200
2025-06-28 21:23:23,845 - fastapi - INFO - main.py:73 - Request: GET http://localhost:8000/api/categories
2025-06-28 21:23:23,847 - fastapi - INFO - main.py:73 - Request: GET http://localhost:8000/api/categories
2025-06-28 21:23:23,875 - fastapi - INFO - main.py:75 - Response: 200
2025-06-28 21:23:24,091 - fastapi - INFO - main.py:75 - Response: 200
2025-06-28 21:23:54,059 - fastapi - INFO - main.py:73 - Request: OPTIONS http://localhost:8000/api/posts/docker-networking-for-humans
2025-06-28 21:23:54,060 - fastapi - INFO - main.py:75 - Response: 200
2025-06-28 21:23:54,062 - fastapi - INFO - main.py:73 - Request: GET http://localhost:8000/api/posts/docker-networking-for-humans
2025-06-28 21:23:54,096 - fastapi - INFO - main.py:75 - Response: 200
2025-06-28 21:23:54,181 - fastapi - INFO - main.py:73 - Request: GET http://localhost:8000/api/categories
2025-06-28 21:23:54,185 - fastapi - INFO - main.py:73 - Request: GET http://localhost:8000/api/categories
2025-06-28 21:23:54,204 - fastapi - INFO - main.py:75 - Response: 200
2025-06-28 21:23:54,214 - fastapi - INFO - main.py:75 - Response: 200
2025-06-28 21:28:23,847 - fastapi - INFO - main.py:73 - Request: OPTIONS http://localhost:8000/api/posts/docker-networking-for-humans
2025-06-28 21:28:23,851 - fastapi - INFO - main.py:75 - Response: 200
2025-06-28 21:28:23,853 - fastapi - INFO - main.py:73 - Request: GET http://localhost:8000/api/posts/docker-networking-for-humans
2025-06-28 21:28:23,885 - fastapi - INFO - main.py:75 - Response: 200
2025-06-28 21:28:23,968 - fastapi - INFO - main.py:73 - Request: GET http://localhost:8000/api/categories
2025-06-28 21:28:23,971 - fastapi - INFO - main.py:73 - Request: GET http://localhost:8000/api/categories
2025-06-28 21:28:24,006 - fastapi - INFO - main.py:75 - Response: 200
2025-06-28 21:28:24,008 - fastapi - INFO - main.py:75 - Response: 200
2025-06-28 21:29:26,621 - fastapi - INFO - main.py:73 - Request: GET http://api:8000/api/posts/docker-networking-for-humans
2025-06-28 21:29:26,652 - fastapi - INFO - main.py:75 - Response: 200
2025-06-28 21:29:27,457 - fastapi - INFO - main.py:73 - Request: GET http://api:8000/api/posts
2025-06-28 21:29:27,548 - fastapi - INFO - main.py:75 - Response: 200
2025-06-28 21:45:08,725 - fastapi - INFO - main.py:73 - Request: OPTIONS http://localhost:8000/api/posts/docker-networking-for-humans
2025-06-28 21:45:08,727 - fastapi - INFO - main.py:75 - Response: 200
2025-06-28 21:45:08,739 - fastapi - INFO - main.py:73 - Request: GET http://localhost:8000/api/posts/docker-networking-for-humans
2025-06-28 21:45:08,769 - fastapi - INFO - main.py:75 - Response: 200
2025-06-28 21:45:08,895 - fastapi - INFO - main.py:73 - Request: GET http://localhost:8000/api/categories
2025-06-28 21:45:08,900 - fastapi - INFO - main.py:73 - Request: GET http://localhost:8000/api/categories
2025-06-28 21:45:08,923 - fastapi - INFO - main.py:75 - Response: 200
2025-06-28 21:45:08,934 - fastapi - INFO - main.py:75 - Response: 200
2025-06-28 21:45:32,875 - fastapi - INFO - main.py:73 - Request: OPTIONS http://localhost:8000/api/posts/docker-networking-for-humans
2025-06-28 21:45:32,876 - fastapi - INFO - main.py:75 - Response: 200
2025-06-28 21:45:32,879 - fastapi - INFO - main.py:73 - Request: GET http://localhost:8000/api/posts/docker-networking-for-humans
2025-06-28 21:45:32,908 - fastapi - INFO - main.py:75 - Response: 200
2025-06-28 21:45:33,144 - fastapi - INFO - main.py:73 - Request: GET http://localhost:8000/api/categories
2025-06-28 21:45:33,148 - fastapi - INFO - main.py:73 - Request: GET http://localhost:8000/api/categories
2025-06-28 21:45:33,176 - fastapi - INFO - main.py:75 - Response: 200
2025-06-28 21:45:33,185 - fastapi - INFO - main.py:75 - Response: 200
2025-06-28 21:45:44,774 - fastapi - INFO - main.py:73 - Request: OPTIONS http://localhost:8000/api/posts/docker-networking-for-humans
2025-06-28 21:45:44,776 - fastapi - INFO - main.py:75 - Response: 200
2025-06-28 21:45:44,780 - fastapi - INFO - main.py:73 - Request: GET http://localhost:8000/api/posts/docker-networking-for-humans
2025-06-28 21:45:44,818 - fastapi - INFO - main.py:75 - Response: 200
2025-06-28 21:45:44,922 - fastapi - INFO - main.py:73 - Request: GET http://localhost:8000/api/categories
2025-06-28 21:45:44,926 - fastapi - INFO - main.py:73 - Request: GET http://localhost:8000/api/categories
2025-06-28 21:45:44,959 - fastapi - INFO - main.py:75 - Response: 200
2025-06-28 21:45:44,961 - fastapi - INFO - main.py:75 - Response: 200
2025-06-28 21:55:14,928 - fastapi - INFO - main.py:73 - Request: OPTIONS http://localhost:8000/api/posts/docker-networking-for-humans
2025-06-28 21:55:14,930 - fastapi - INFO - main.py:75 - Response: 200
2025-06-28 21:55:14,933 - fastapi - INFO - main.py:73 - Request: GET http://localhost:8000/api/posts/docker-networking-for-humans
2025-06-28 21:55:14,966 - fastapi - INFO - main.py:75 - Response: 200
2025-06-28 21:55:15,095 - fastapi - INFO - main.py:73 - Request: GET http://localhost:8000/api/categories
2025-06-28 21:55:15,098 - fastapi - INFO - main.py:73 - Request: GET http://localhost:8000/api/categories
2025-06-28 21:55:15,122 - fastapi - INFO - main.py:75 - Response: 200
2025-06-28 21:55:15,137 - fastapi - INFO - main.py:75 - Response: 200
2025-06-28 21:58:26,915 - fastapi - INFO - main.py:73 - Request: OPTIONS http://localhost:8000/api/posts/docker-networking-for-humans
2025-06-28 21:58:26,917 - fastapi - INFO - main.py:75 - Response: 200
2025-06-28 21:58:26,920 - fastapi - INFO - main.py:73 - Request: GET http://localhost:8000/api/posts/docker-networking-for-humans
2025-06-28 21:58:26,966 - fastapi - INFO - main.py:75 - Response: 200
2025-06-28 21:58:27,099 - fastapi - INFO - main.py:73 - Request: GET http://localhost:8000/api/categories
2025-06-28 21:58:27,102 - fastapi - INFO - main.py:73 - Request: GET http://localhost:8000/api/categories
2025-06-28 21:58:27,148 - fastapi - INFO - main.py:75 - Response: 200
2025-06-28 21:58:27,151 - fastapi - INFO - main.py:75 - Response: 200
2025-06-28 21:58:38,119 - fastapi - INFO - main.py:73 - Request: GET http://api:8000/api/posts/docker-networking-for-humans
2025-06-28 21:58:38,149 - fastapi - INFO - main.py:75 - Response: 200
2025-06-28 21:58:38,972 - fastapi - INFO - main.py:73 - Request: GET http://api:8000/api/posts
2025-06-28 21:58:39,051 - fastapi - INFO - main.py:75 - Response: 200
2025-06-28 22:05:58,255 - fastapi - INFO - main.py:73 - Request: OPTIONS http://localhost:8000/api/posts/docker-networking-for-humans
2025-06-28 22:05:58,257 - fastapi - INFO - main.py:75 - Response: 200
2025-06-28 22:05:58,259 - fastapi - INFO - main.py:73 - Request: GET http://localhost:8000/api/posts/docker-networking-for-humans
2025-06-28 22:05:58,301 - fastapi - INFO - main.py:75 - Response: 200
2025-06-28 22:05:58,447 - fastapi - INFO - main.py:73 - Request: GET http://localhost:8000/api/categories
2025-06-28 22:05:58,450 - fastapi - INFO - main.py:73 - Request: GET http://localhost:8000/api/categories
2025-06-28 22:05:58,481 - fastapi - INFO - main.py:75 - Response: 200
2025-06-28 22:05:58,485 - fastapi - INFO - main.py:75 - Response: 200
2025-06-29 03:12:27,837 - fastapi - INFO - main.py:73 - Request: OPTIONS http://localhost:8000/api/posts/docker-networking-for-humans
2025-06-29 03:12:27,840 - fastapi - INFO - main.py:75 - Response: 200
2025-06-29 03:12:27,849 - fastapi - INFO - main.py:73 - Request: GET http://localhost:8000/api/posts/docker-networking-for-humans
2025-06-29 03:12:28,356 - fastapi - INFO - main.py:75 - Response: 200
2025-06-29 03:12:28,468 - fastapi - INFO - main.py:73 - Request: GET http://localhost:8000/api/categories
2025-06-29 03:12:28,478 - fastapi - INFO - main.py:73 - Request: GET http://localhost:8000/api/categories
2025-06-29 03:12:28,497 - fastapi - INFO - main.py:75 - Response: 200
2025-06-29 03:12:28,712 - fastapi - INFO - main.py:75 - Response: 200
2025-06-29 03:33:29,467 - fastapi - INFO - main.py:73 - Request: GET http://api:8000/api/posts/my-local-dev-setup
2025-06-29 03:33:29,476 - fastapi - INFO - main.py:73 - Request: GET http://api:8000/api/posts/docker-networking-for-humans
2025-06-29 03:33:29,501 - fastapi - INFO - main.py:75 - Response: 200
2025-06-29 03:33:29,510 - fastapi - INFO - main.py:75 - Response: 200
2025-06-29 03:33:30,490 - fastapi - INFO - main.py:73 - Request: GET http://api:8000/api/posts
2025-06-29 03:33:30,559 - fastapi - INFO - main.py:75 - Response: 200
2025-06-29 03:35:05,311 - fastapi - INFO - main.py:73 - Request: GET http://api:8000/api/posts/my-local-dev-setup
2025-06-29 03:35:05,344 - fastapi - INFO - main.py:75 - Response: 200
2025-06-29 03:35:05,361 - fastapi - INFO - main.py:73 - Request: GET http://api:8000/api/posts/docker-networking-for-humans
2025-06-29 03:35:05,390 - fastapi - INFO - main.py:75 - Response: 200
2025-06-29 03:35:06,716 - fastapi - INFO - main.py:73 - Request: GET http://api:8000/api/posts
2025-06-29 03:35:06,801 - fastapi - INFO - main.py:75 - Response: 200
2025-06-29 03:36:06,726 - fastapi - INFO - main.py:73 - Request: GET http://api:8000/api/posts/docker-networking-for-humans
2025-06-29 03:36:06,760 - fastapi - INFO - main.py:75 - Response: 200
2025-06-29 03:36:07,560 - fastapi - INFO - main.py:73 - Request: GET http://api:8000/api/posts
2025-06-29 03:36:07,634 - fastapi - INFO - main.py:75 - Response: 200
2025-06-29 03:36:16,274 - fastapi - INFO - main.py:73 - Request: GET http://api:8000/api/posts/docker-networking-for-humans
2025-06-29 03:36:16,310 - fastapi - INFO - main.py:75 - Response: 200
2025-06-29 03:36:17,147 - fastapi - INFO - main.py:73 - Request: GET http://api:8000/api/posts
2025-06-29 03:36:17,220 - fastapi - INFO - main.py:75 - Response: 200
2025-06-29 03:36:22,102 - fastapi - INFO - main.py:73 - Request: GET http://api:8000/api/posts/docker-networking-for-humans
2025-06-29 03:36:22,141 - fastapi - INFO - main.py:75 - Response: 200
2025-06-29 03:36:22,983 - fastapi - INFO - main.py:73 - Request: GET http://api:8000/api/posts
2025-06-29 03:36:23,060 - fastapi - INFO - main.py:75 - Response: 200
2025-06-29 03:36:33,497 - fastapi - INFO - main.py:73 - Request: GET http://api:8000/api/posts/docker-networking-for-humans
2025-06-29 03:36:33,538 - fastapi - INFO - main.py:75 - Response: 200
2025-06-29 03:36:34,376 - fastapi - INFO - main.py:73 - Request: GET http://api:8000/api/posts
2025-06-29 03:36:34,451 - fastapi - INFO - main.py:75 - Response: 200
2025-06-29 03:36:53,695 - fastapi - INFO - main.py:73 - Request: GET http://api:8000/api/posts/docker-networking-for-humans
2025-06-29 03:36:53,727 - fastapi - INFO - main.py:75 - Response: 200
2025-06-29 03:36:54,617 - fastapi - INFO - main.py:73 - Request: GET http://api:8000/api/posts
2025-06-29 03:36:54,694 - fastapi - INFO - main.py:75 - Response: 200
2025-06-29 03:37:14,625 - fastapi - INFO - main.py:73 - Request: GET http://api:8000/api/posts/docker-networking-for-humans
2025-06-29 03:37:14,659 - fastapi - INFO - main.py:75 - Response: 200
2025-06-29 03:37:15,517 - fastapi - INFO - main.py:73 - Request: GET http://api:8000/api/posts
2025-06-29 03:37:15,591 - fastapi - INFO - main.py:75 - Response: 200
2025-06-29 03:37:27,028 - fastapi - INFO - main.py:73 - Request: GET http://api:8000/api/posts/docker-networking-for-humans
2025-06-29 03:37:27,063 - fastapi - INFO - main.py:75 - Response: 200
2025-06-29 03:37:27,892 - fastapi - INFO - main.py:73 - Request: GET http://api:8000/api/posts
2025-06-29 03:37:27,983 - fastapi - INFO - main.py:75 - Response: 200
2025-06-29 03:38:52,519 - fastapi - INFO - main.py:73 - Request: GET http://localhost:8000/api/posts
2025-06-29 03:38:52,530 - fastapi - INFO - main.py:73 - Request: GET http://localhost:8000/api/posts
2025-06-29 03:38:52,628 - fastapi - INFO - main.py:75 - Response: 200
2025-06-29 03:38:52,632 - fastapi - INFO - main.py:75 - Response: 200
2025-06-29 03:39:10,562 - fastapi - INFO - main.py:73 - Request: GET http://localhost:8000/api/posts
2025-06-29 03:39:10,571 - fastapi - INFO - main.py:73 - Request: GET http://localhost:8000/api/posts
2025-06-29 03:39:10,647 - fastapi - INFO - main.py:75 - Response: 200
2025-06-29 03:39:10,655 - fastapi - INFO - main.py:75 - Response: 200
2025-06-29 03:40:15,629 - fastapi - INFO - main.py:73 - Request: GET http://api:8000/api/posts/my-local-dev-setup
2025-06-29 03:40:15,649 - fastapi - INFO - main.py:73 - Request: GET http://api:8000/api/posts/docker-networking-for-humans
2025-06-29 03:40:15,668 - fastapi - INFO - main.py:75 - Response: 200
2025-06-29 03:40:15,682 - fastapi - INFO - main.py:75 - Response: 200
2025-06-29 03:40:16,551 - fastapi - INFO - main.py:73 - Request: GET http://api:8000/api/posts
2025-06-29 03:40:16,644 - fastapi - INFO - main.py:75 - Response: 200
2025-06-29 03:40:18,066 - fastapi - INFO - main.py:73 - Request: GET http://api:8000/api/posts/docker-networking-for-humans
2025-06-29 03:40:18,100 - fastapi - INFO - main.py:75 - Response: 200
2025-06-29 03:40:18,923 - fastapi - INFO - main.py:73 - Request: GET http://api:8000/api/posts
2025-06-29 03:40:19,016 - fastapi - INFO - main.py:75 - Response: 200
2025-06-29 03:41:48,893 - fastapi - INFO - main.py:73 - Request: POST http://localhost:8000/api/login
2025-06-29 03:41:48,898 - fastapi - INFO - main.py:99 - Successful login for user: admin
2025-06-29 03:41:48,899 - fastapi - INFO - main.py:75 - Response: 200
2025-06-29 03:41:49,401 - fastapi - INFO - main.py:73 - Request: OPTIONS http://localhost:8000/api/admin/posts
2025-06-29 03:41:49,402 - fastapi - INFO - main.py:75 - Response: 200
2025-06-29 03:41:49,406 - fastapi - INFO - main.py:73 - Request: GET http://localhost:8000/api/admin/posts
2025-06-29 03:41:49,486 - fastapi - INFO - main.py:75 - Response: 200
2025-06-29 03:51:47,264 - fastapi - INFO - main.py:73 - Request: GET http://api:8000/api/posts/my-local-dev-setup
2025-06-29 03:51:47,268 - fastapi - INFO - main.py:73 - Request: GET http://api:8000/api/posts/docker-networking-for-humans
2025-06-29 03:51:47,304 - fastapi - INFO - main.py:75 - Response: 200
2025-06-29 03:51:47,309 - fastapi - INFO - main.py:75 - Response: 200
2025-06-29 03:51:48,262 - fastapi - INFO - main.py:73 - Request: GET http://api:8000/api/posts
2025-06-29 03:51:48,351 - fastapi - INFO - main.py:75 - Response: 200
2025-06-29 03:53:26,253 - fastapi - INFO - main.py:73 - Request: GET http://localhost:8000/api/categories
2025-06-29 03:53:26,256 - fastapi - INFO - main.py:73 - Request: GET http://localhost:8000/api/categories
2025-06-29 03:53:26,285 - fastapi - INFO - main.py:75 - Response: 200
2025-06-29 03:53:26,296 - fastapi - INFO - main.py:75 - Response: 200
2025-06-29 03:54:37,749 - fastapi - INFO - main.py:73 - Request: GET http://localhost:8000/api/posts/dummy
2025-06-29 03:54:37,787 - fastapi - INFO - main.py:75 - Response: 404
2025-06-29 03:54:37,800 - fastapi - INFO - main.py:73 - Request: OPTIONS http://localhost:8000/api/posts
2025-06-29 03:54:37,801 - fastapi - INFO - main.py:75 - Response: 200
2025-06-29 03:54:37,806 - fastapi - INFO - main.py:73 - Request: POST http://localhost:8000/api/posts
2025-06-29 03:54:38,302 - fastapi - INFO - main.py:75 - Response: 200
2025-06-29 03:54:38,638 - fastapi - INFO - main.py:73 - Request: OPTIONS http://localhost:8000/api/admin/posts
2025-06-29 03:54:38,639 - fastapi - INFO - main.py:75 - Response: 200
2025-06-29 03:54:38,642 - fastapi - INFO - main.py:73 - Request: GET http://localhost:8000/api/admin/posts
2025-06-29 03:54:38,734 - fastapi - INFO - main.py:75 - Response: 200
2025-06-29 03:54:43,740 - fastapi - INFO - main.py:73 - Request: GET http://api:8000/api/posts/dummy
2025-06-29 03:54:43,774 - fastapi - INFO - main.py:75 - Response: 200
2025-06-29 03:54:44,522 - fastapi - INFO - main.py:73 - Request: GET http://api:8000/api/posts
2025-06-29 03:54:44,628 - fastapi - INFO - main.py:75 - Response: 200
2025-06-29 03:54:53,384 - fastapi - INFO - main.py:73 - Request: OPTIONS http://localhost:8000/api/posts/dummy
2025-06-29 03:54:53,386 - fastapi - INFO - main.py:73 - Request: OPTIONS http://localhost:8000/api/posts/dummy
2025-06-29 03:54:53,387 - fastapi - INFO - main.py:75 - Response: 200
2025-06-29 03:54:53,389 - fastapi - INFO - main.py:75 - Response: 200
2025-06-29 03:54:53,391 - fastapi - INFO - main.py:73 - Request: GET http://localhost:8000/api/posts/dummy
2025-06-29 03:54:53,396 - fastapi - INFO - main.py:73 - Request: GET http://localhost:8000/api/posts/dummy
2025-06-29 03:54:53,424 - fastapi - INFO - main.py:75 - Response: 200
2025-06-29 03:54:53,425 - fastapi - INFO - main.py:75 - Response: 200
2025-06-29 03:54:53,492 - fastapi - INFO - main.py:73 - Request: GET http://localhost:8000/api/categories
2025-06-29 03:54:53,501 - fastapi - INFO - main.py:73 - Request: GET http://localhost:8000/api/categories
2025-06-29 03:54:53,517 - fastapi - INFO - main.py:75 - Response: 200
2025-06-29 03:54:53,532 - fastapi - INFO - main.py:75 - Response: 200
2025-06-29 03:54:57,809 - fastapi - INFO - main.py:73 - Request: GET http://localhost:8000/api/admin/posts
2025-06-29 03:54:57,900 - fastapi - INFO - main.py:75 - Response: 200
2025-06-29 03:55:00,736 - fastapi - INFO - main.py:73 - Request: DELETE http://localhost:8000/api/posts/dummy
2025-06-29 03:55:00,780 - fastapi - INFO - main.py:75 - Response: 200
2025-06-29 03:55:00,915 - fastapi - INFO - main.py:73 - Request: GET http://localhost:8000/api/admin/posts
2025-06-29 03:55:00,992 - fastapi - INFO - main.py:75 - Response: 200
2025-06-29 04:02:16,913 - fastapi - INFO - main.py:73 - Request: GET http://api:8000/api/posts/my-local-dev-setup
2025-06-29 04:02:16,916 - fastapi - INFO - main.py:73 - Request: GET http://api:8000/api/posts/docker-networking-for-humans
2025-06-29 04:02:16,949 - fastapi - INFO - main.py:75 - Response: 200
2025-06-29 04:02:16,952 - fastapi - INFO - main.py:75 - Response: 200
2025-06-29 04:02:17,852 - fastapi - INFO - main.py:73 - Request: GET http://api:8000/api/posts
2025-06-29 04:02:17,942 - fastapi - INFO - main.py:75 - Response: 200
2025-06-29 04:02:18,791 - fastapi - INFO - main.py:73 - Request: GET http://api:8000/api/posts/docker-networking-for-humans
2025-06-29 04:02:18,822 - fastapi - INFO - main.py:75 - Response: 200
2025-06-29 04:02:19,721 - fastapi - INFO - main.py:73 - Request: GET http://api:8000/api/posts
2025-06-29 04:02:19,802 - fastapi - INFO - main.py:75 - Response: 200
2025-06-29 04:02:30,457 - fastapi - INFO - main.py:73 - Request: OPTIONS http://localhost:8000/api/posts/docker-networking-for-humans
2025-06-29 04:02:30,459 - fastapi - INFO - main.py:75 - Response: 200
2025-06-29 04:02:30,462 - fastapi - INFO - main.py:73 - Request: GET http://localhost:8000/api/posts/docker-networking-for-humans
2025-06-29 04:02:30,504 - fastapi - INFO - main.py:75 - Response: 200
2025-06-29 04:02:30,654 - fastapi - INFO - main.py:73 - Request: GET http://localhost:8000/api/categories
2025-06-29 04:02:30,657 - fastapi - INFO - main.py:73 - Request: GET http://localhost:8000/api/categories
2025-06-29 04:02:30,679 - fastapi - INFO - main.py:75 - Response: 200
2025-06-29 04:02:30,694 - fastapi - INFO - main.py:75 - Response: 200
2025-06-29 04:04:22,754 - fastapi - INFO - main.py:73 - Request: OPTIONS http://localhost:8000/api/posts/docker-networking-for-humans
2025-06-29 04:04:22,755 - fastapi - INFO - main.py:75 - Response: 200
2025-06-29 04:04:22,758 - fastapi - INFO - main.py:73 - Request: PUT http://localhost:8000/api/posts/docker-networking-for-humans
2025-06-29 04:04:22,880 - fastapi - INFO - main.py:75 - Response: 200
2025-06-29 04:04:23,135 - fastapi - INFO - main.py:73 - Request: GET http://localhost:8000/api/admin/posts
2025-06-29 04:04:23,243 - fastapi - INFO - main.py:75 - Response: 200
2025-06-29 04:04:25,690 - fastapi - INFO - main.py:73 - Request: GET http://api:8000/api/posts/docker-networking-for-humans-a-simplified-guide
2025-06-29 04:04:25,726 - fastapi - INFO - main.py:75 - Response: 200
2025-06-29 04:04:26,500 - fastapi - INFO - main.py:73 - Request: GET http://api:8000/api/posts
2025-06-29 04:04:26,574 - fastapi - INFO - main.py:75 - Response: 200
2025-06-29 04:04:30,222 - fastapi - INFO - main.py:73 - Request: OPTIONS http://localhost:8000/api/posts/docker-networking-for-humans-a-simplified-guide
2025-06-29 04:04:30,223 - fastapi - INFO - main.py:75 - Response: 200
2025-06-29 04:04:30,226 - fastapi - INFO - main.py:73 - Request: GET http://localhost:8000/api/posts/docker-networking-for-humans-a-simplified-guide
2025-06-29 04:04:30,260 - fastapi - INFO - main.py:75 - Response: 200
2025-06-29 04:04:30,264 - fastapi - INFO - main.py:73 - Request: GET http://localhost:8000/api/posts/docker-networking-for-humans-a-simplified-guide
2025-06-29 04:04:30,301 - fastapi - INFO - main.py:75 - Response: 200
2025-06-29 04:04:30,322 - fastapi - INFO - main.py:73 - Request: GET http://localhost:8000/api/categories
2025-06-29 04:04:30,330 - fastapi - INFO - main.py:73 - Request: GET http://localhost:8000/api/categories
2025-06-29 04:04:30,350 - fastapi - INFO - main.py:75 - Response: 200
2025-06-29 04:04:30,359 - fastapi - INFO - main.py:75 - Response: 200
2025-06-29 04:04:37,410 - fastapi - INFO - main.py:73 - Request: OPTIONS http://localhost:8000/api/posts/docker-networking-for-humans-a-simplified-guide
2025-06-29 04:04:37,411 - fastapi - INFO - main.py:75 - Response: 200
2025-06-29 04:04:37,414 - fastapi - INFO - main.py:73 - Request: PUT http://localhost:8000/api/posts/docker-networking-for-humans-a-simplified-guide
2025-06-29 04:04:37,499 - fastapi - INFO - main.py:75 - Response: 200
2025-06-29 04:04:37,630 - fastapi - INFO - main.py:73 - Request: GET http://localhost:8000/api/admin/posts
2025-06-29 04:04:37,757 - fastapi - INFO - main.py:75 - Response: 200
2025-06-29 04:05:10,498 - fastapi - INFO - main.py:73 - Request: GET http://api:8000/api/posts/docker-networking-for-humans
2025-06-29 04:05:10,530 - fastapi - INFO - main.py:75 - Response: 404
2025-06-29 04:05:10,552 - fastapi - INFO - main.py:73 - Request: GET http://api:8000/api/posts
2025-06-29 04:05:10,630 - fastapi - INFO - main.py:75 - Response: 200
2025-06-29 04:05:15,077 - fastapi - INFO - main.py:73 - Request: GET http://api:8000/api/posts/docker-networking-for-humans
2025-06-29 04:05:15,109 - fastapi - INFO - main.py:75 - Response: 404
2025-06-29 04:05:15,142 - fastapi - INFO - main.py:73 - Request: GET http://api:8000/api/posts
2025-06-29 04:05:15,253 - fastapi - INFO - main.py:75 - Response: 200
2025-06-29 04:05:29,638 - fastapi - INFO - main.py:73 - Request: GET http://api:8000/api/posts
2025-06-29 04:05:29,718 - fastapi - INFO - main.py:75 - Response: 200
2025-06-29 04:05:29,772 - fastapi - INFO - main.py:73 - Request: GET http://api:8000/api/posts/docker-networking-for-humans
2025-06-29 04:05:29,803 - fastapi - INFO - main.py:75 - Response: 404
2025-06-29 04:05:30,604 - fastapi - INFO - main.py:73 - Request: GET http://api:8000/api/posts
2025-06-29 04:05:30,792 - fastapi - INFO - main.py:75 - Response: 200
2025-06-29 04:06:27,726 - fastapi - INFO - main.py:73 - Request: POST http://localhost:8000/api/login
2025-06-29 04:06:27,729 - fastapi - INFO - main.py:99 - Successful login for user: admin
2025-06-29 04:06:27,730 - fastapi - INFO - main.py:75 - Response: 200
2025-06-29 04:06:27,979 - fastapi - INFO - main.py:73 - Request: OPTIONS http://localhost:8000/api/admin/posts
2025-06-29 04:06:27,980 - fastapi - INFO - main.py:75 - Response: 200
2025-06-29 04:06:27,983 - fastapi - INFO - main.py:73 - Request: GET http://localhost:8000/api/admin/posts
2025-06-29 04:06:28,071 - fastapi - INFO - main.py:75 - Response: 200
2025-06-29 04:06:30,240 - fastapi - INFO - main.py:73 - Request: GET http://api:8000/api/posts
2025-06-29 04:06:30,322 - fastapi - INFO - main.py:75 - Response: 200
2025-06-29 04:06:30,415 - fastapi - INFO - main.py:73 - Request: GET http://api:8000/api/posts/docker-networking-for-humans
2025-06-29 04:06:30,446 - fastapi - INFO - main.py:75 - Response: 404
2025-06-29 04:06:31,246 - fastapi - INFO - main.py:73 - Request: GET http://api:8000/api/posts
2025-06-29 04:06:31,337 - fastapi - INFO - main.py:75 - Response: 200
2025-06-29 04:06:32,849 - fastapi - INFO - main.py:73 - Request: GET http://api:8000/api/posts/docker-networking-for-humans
2025-06-29 04:06:32,898 - fastapi - INFO - main.py:75 - Response: 404
2025-06-29 04:06:32,916 - fastapi - INFO - main.py:73 - Request: GET http://api:8000/api/posts
2025-06-29 04:06:33,004 - fastapi - INFO - main.py:75 - Response: 200
2025-06-29 04:06:38,635 - fastapi - INFO - main.py:73 - Request: GET http://api:8000/api/posts
2025-06-29 04:06:38,723 - fastapi - INFO - main.py:75 - Response: 200
2025-06-29 04:06:38,727 - fastapi - INFO - main.py:73 - Request: GET http://api:8000/api/posts/docker-networking-for-humans
2025-06-29 04:06:38,754 - fastapi - INFO - main.py:75 - Response: 404
2025-06-29 04:06:46,141 - fastapi - INFO - main.py:73 - Request: GET http://localhost:8000/api/admin/posts
2025-06-29 04:06:46,236 - fastapi - INFO - main.py:75 - Response: 200
2025-06-29 04:06:49,141 - fastapi - INFO - main.py:73 - Request: GET http://api:8000/api/posts/docker-networking-for-humans-a-simplified-guide
2025-06-29 04:06:49,187 - fastapi - INFO - main.py:75 - Response: 200
2025-06-29 04:06:49,962 - fastapi - INFO - main.py:73 - Request: GET http://api:8000/api/posts
2025-06-29 04:06:50,047 - fastapi - INFO - main.py:75 - Response: 200
2025-06-29 04:06:51,013 - fastapi - INFO - main.py:73 - Request: GET http://localhost:8000/api/admin/posts
2025-06-29 04:06:51,096 - fastapi - INFO - main.py:75 - Response: 200
2025-06-29 04:07:02,023 - fastapi - INFO - main.py:73 - Request: GET http://api:8000/api/posts
2025-06-29 04:07:02,127 - fastapi - INFO - main.py:75 - Response: 200
2025-06-29 04:07:02,135 - fastapi - INFO - main.py:73 - Request: GET http://api:8000/api/posts/docker-networking-for-humans
2025-06-29 04:07:02,163 - fastapi - INFO - main.py:75 - Response: 404
2025-06-29 04:07:12,941 - fastapi - INFO - main.py:73 - Request: GET http://api:8000/api/posts
2025-06-29 04:07:12,991 - fastapi - INFO - main.py:73 - Request: GET http://api:8000/api/posts/docker-networking-for-humans
2025-06-29 04:07:13,024 - fastapi - INFO - main.py:75 - Response: 200
2025-06-29 04:07:13,028 - fastapi - INFO - main.py:75 - Response: 404
2025-06-29 04:07:20,087 - fastapi - INFO - main.py:73 - Request: GET http://api:8000/api/posts/docker-networking-for-humans-a-simplified-guide
2025-06-29 04:07:20,119 - fastapi - INFO - main.py:75 - Response: 200
2025-06-29 04:07:20,897 - fastapi - INFO - main.py:73 - Request: GET http://api:8000/api/posts
2025-06-29 04:07:20,974 - fastapi - INFO - main.py:75 - Response: 200
2025-06-29 04:07:21,760 - fastapi - INFO - main.py:73 - Request: GET http://api:8000/api/posts/docker-networking-for-humans-a-simplified-guide
2025-06-29 04:07:21,798 - fastapi - INFO - main.py:75 - Response: 200
2025-06-29 04:07:22,638 - fastapi - INFO - main.py:73 - Request: GET http://api:8000/api/posts
2025-06-29 04:07:22,712 - fastapi - INFO - main.py:75 - Response: 200
2025-06-29 04:07:40,039 - fastapi - INFO - main.py:73 - Request: POST http://localhost:8000/api/login
2025-06-29 04:07:40,041 - fastapi - INFO - main.py:99 - Successful login for user: admin
2025-06-29 04:07:40,042 - fastapi - INFO - main.py:75 - Response: 200
2025-06-29 04:07:40,284 - fastapi - INFO - main.py:73 - Request: OPTIONS http://localhost:8000/api/admin/posts
2025-06-29 04:07:40,286 - fastapi - INFO - main.py:75 - Response: 200
2025-06-29 04:07:40,288 - fastapi - INFO - main.py:73 - Request: GET http://localhost:8000/api/admin/posts
2025-06-29 04:07:40,377 - fastapi - INFO - main.py:75 - Response: 200
2025-06-29 04:07:42,465 - fastapi - INFO - main.py:73 - Request: GET http://api:8000/api/posts/docker-networking-for-humans-a-simplified-guide
2025-06-29 04:07:42,496 - fastapi - INFO - main.py:75 - Response: 200
2025-06-29 04:07:43,382 - fastapi - INFO - main.py:73 - Request: GET http://api:8000/api/posts
2025-06-29 04:07:43,458 - fastapi - INFO - main.py:75 - Response: 200
2025-06-29 04:07:47,742 - fastapi - INFO - main.py:73 - Request: GET http://localhost:8000/api/admin/posts
2025-06-29 04:07:47,819 - fastapi - INFO - main.py:75 - Response: 200
2025-06-29 04:07:50,826 - fastapi - INFO - main.py:73 - Request: GET http://api:8000/api/posts/docker-networking-for-humans
2025-06-29 04:07:50,856 - fastapi - INFO - main.py:75 - Response: 404
2025-06-29 04:07:51,634 - fastapi - INFO - main.py:73 - Request: GET http://api:8000/api/posts
2025-06-29 04:07:51,703 - fastapi - INFO - main.py:75 - Response: 200
2025-06-29 04:07:57,877 - fastapi - INFO - main.py:73 - Request: GET http://api:8000/api/posts/docker-networking-for-humans-a-simplified-guide
2025-06-29 04:07:57,907 - fastapi - INFO - main.py:75 - Response: 200
2025-06-29 04:07:58,660 - fastapi - INFO - main.py:73 - Request: GET http://api:8000/api/posts
2025-06-29 04:07:58,741 - fastapi - INFO - main.py:75 - Response: 200
2025-06-29 04:08:04,346 - fastapi - INFO - main.py:73 - Request: GET http://localhost:8000/api/admin/posts
2025-06-29 04:08:04,427 - fastapi - INFO - main.py:75 - Response: 200
2025-06-29 04:08:10,690 - fastapi - INFO - main.py:73 - Request: OPTIONS http://localhost:8000/api/posts/docker-networking-for-humans-a-simplified-guide
2025-06-29 04:08:10,692 - fastapi - INFO - main.py:75 - Response: 200
2025-06-29 04:08:10,695 - fastapi - INFO - main.py:73 - Request: GET http://localhost:8000/api/posts/docker-networking-for-humans-a-simplified-guide
2025-06-29 04:08:10,729 - fastapi - INFO - main.py:75 - Response: 200
2025-06-29 04:08:10,733 - fastapi - INFO - main.py:73 - Request: GET http://localhost:8000/api/posts/docker-networking-for-humans-a-simplified-guide
2025-06-29 04:08:10,758 - fastapi - INFO - main.py:75 - Response: 200
2025-06-29 04:08:10,831 - fastapi - INFO - main.py:73 - Request: GET http://localhost:8000/api/categories
2025-06-29 04:08:10,841 - fastapi - INFO - main.py:73 - Request: GET http://localhost:8000/api/categories
2025-06-29 04:08:10,859 - fastapi - INFO - main.py:75 - Response: 200
2025-06-29 04:08:10,879 - fastapi - INFO - main.py:75 - Response: 200
2025-06-29 04:08:38,016 - fastapi - INFO - main.py:73 - Request: GET http://api:8000/api/posts/docker-networking-for-humans-a-simplified-guide
2025-06-29 04:08:38,046 - fastapi - INFO - main.py:75 - Response: 200
2025-06-29 04:08:38,882 - fastapi - INFO - main.py:73 - Request: GET http://api:8000/api/posts
2025-06-29 04:08:38,959 - fastapi - INFO - main.py:75 - Response: 200
2025-06-29 04:08:39,987 - fastapi - INFO - main.py:73 - Request: GET http://api:8000/api/posts/docker-networking-for-humans-a-simplified-guide
2025-06-29 04:08:40,021 - fastapi - INFO - main.py:75 - Response: 200
2025-06-29 04:08:40,863 - fastapi - INFO - main.py:73 - Request: GET http://api:8000/api/posts
2025-06-29 04:08:40,954 - fastapi - INFO - main.py:75 - Response: 200
2025-06-29 04:09:01,708 - fastapi - INFO - main.py:73 - Request: GET http://localhost:8000/api/posts
2025-06-29 04:09:01,714 - fastapi - INFO - main.py:73 - Request: GET http://localhost:8000/api/posts
2025-06-29 04:09:01,790 - fastapi - INFO - main.py:75 - Response: 200
2025-06-29 04:09:01,813 - fastapi - INFO - main.py:75 - Response: 200
2025-06-29 04:09:08,755 - fastapi - INFO - main.py:73 - Request: GET http://localhost:8000/api/posts
2025-06-29 04:09:08,763 - fastapi - INFO - main.py:73 - Request: GET http://localhost:8000/api/posts
2025-06-29 04:09:08,838 - fastapi - INFO - main.py:75 - Response: 200
2025-06-29 04:09:08,848 - fastapi - INFO - main.py:75 - Response: 200
2025-06-29 04:14:38,873 - fastapi - INFO - main.py:73 - Request: GET http://api:8000/api/posts/docker-networking-for-humans-a-simplified-guide
2025-06-29 04:14:38,921 - fastapi - INFO - main.py:75 - Response: 200
2025-06-29 04:14:39,933 - fastapi - INFO - main.py:73 - Request: GET http://api:8000/api/posts
2025-06-29 04:14:40,031 - fastapi - INFO - main.py:75 - Response: 200
2025-06-29 04:14:42,682 - fastapi - INFO - main.py:73 - Request: POST http://localhost:8000/api/login
2025-06-29 04:14:42,685 - fastapi - INFO - main.py:99 - Successful login for user: admin
2025-06-29 04:14:42,686 - fastapi - INFO - main.py:75 - Response: 200
2025-06-29 04:14:43,054 - fastapi - INFO - main.py:73 - Request: GET http://localhost:8000/api/admin/posts
2025-06-29 04:14:43,149 - fastapi - INFO - main.py:75 - Response: 200
2025-06-29 04:14:44,460 - fastapi - INFO - main.py:73 - Request: GET http://localhost:8000/api/admin/posts
2025-06-29 04:14:44,554 - fastapi - INFO - main.py:75 - Response: 200
2025-06-29 04:14:44,584 - fastapi - INFO - main.py:73 - Request: GET http://localhost:8000/api/admin/posts
2025-06-29 04:14:44,621 - fastapi - INFO - main.py:75 - Response: 200
2025-06-29 04:14:44,821 - fastapi - INFO - main.py:73 - Request: GET http://localhost:8000/api/admin/posts
2025-06-29 04:14:44,863 - fastapi - INFO - main.py:75 - Response: 200
2025-06-29 04:14:47,967 - fastapi - INFO - main.py:73 - Request: GET http://localhost:8000/api/posts/docker-networking-for-humans-a-simplified-guide
2025-06-29 04:14:48,010 - fastapi - INFO - main.py:75 - Response: 200
2025-06-29 04:14:48,013 - fastapi - INFO - main.py:73 - Request: GET http://localhost:8000/api/posts/docker-networking-for-humans-a-simplified-guide
2025-06-29 04:14:48,049 - fastapi - INFO - main.py:75 - Response: 200
2025-06-29 04:14:48,120 - fastapi - INFO - main.py:73 - Request: GET http://localhost:8000/api/categories
2025-06-29 04:14:48,128 - fastapi - INFO - main.py:73 - Request: GET http://localhost:8000/api/categories
2025-06-29 04:14:48,152 - fastapi - INFO - main.py:75 - Response: 200
2025-06-29 04:14:48,166 - fastapi - INFO - main.py:75 - Response: 200
2025-06-29 04:14:58,038 - fastapi - INFO - main.py:73 - Request: GET http://localhost:8000/api/posts/docker-networking-for-humans-a-simplified-guide
2025-06-29 04:14:58,074 - fastapi - INFO - main.py:75 - Response: 200
2025-06-29 04:14:58,545 - fastapi - INFO - main.py:73 - Request: GET http://localhost:8000/api/categories
2025-06-29 04:14:58,552 - fastapi - INFO - main.py:73 - Request: GET http://localhost:8000/api/categories
2025-06-29 04:14:58,579 - fastapi - INFO - main.py:75 - Response: 200
2025-06-29 04:14:58,587 - fastapi - INFO - main.py:75 - Response: 200
2025-06-29 04:15:46,533 - fastapi - INFO - main.py:73 - Request: GET http://api:8000/api/posts/docker-networking-for-humans-a-simplified-guide
2025-06-29 04:15:46,578 - fastapi - INFO - main.py:75 - Response: 200
2025-06-29 04:15:47,369 - fastapi - INFO - main.py:73 - Request: GET http://api:8000/api/posts
2025-06-29 04:15:47,441 - fastapi - INFO - main.py:75 - Response: 200
2025-06-29 04:15:48,983 - fastapi - INFO - main.py:73 - Request: GET http://localhost:8000/api/posts/docker-networking-for-humans-a-simplified-guide
2025-06-29 04:15:49,020 - fastapi - INFO - main.py:75 - Response: 200
2025-06-29 04:15:49,122 - fastapi - INFO - main.py:73 - Request: GET http://localhost:8000/api/categories
2025-06-29 04:15:49,132 - fastapi - INFO - main.py:73 - Request: GET http://localhost:8000/api/categories
2025-06-29 04:15:49,152 - fastapi - INFO - main.py:75 - Response: 200
2025-06-29 04:15:49,190 - fastapi - INFO - main.py:75 - Response: 200
2025-06-29 04:16:30,493 - fastapi - INFO - main.py:73 - Request: OPTIONS http://localhost:8000/api/posts/docker-networking-for-humans-a-simplified-guide
2025-06-29 04:16:30,494 - fastapi - INFO - main.py:75 - Response: 200
2025-06-29 04:16:30,496 - fastapi - INFO - main.py:73 - Request: PUT http://localhost:8000/api/posts/docker-networking-for-humans-a-simplified-guide
2025-06-29 04:16:30,576 - fastapi - INFO - main.py:75 - Response: 200
2025-06-29 04:16:30,825 - fastapi - INFO - main.py:73 - Request: GET http://localhost:8000/api/admin/posts
2025-06-29 04:16:30,907 - fastapi - INFO - main.py:75 - Response: 200
2025-06-29 04:16:32,319 - fastapi - INFO - main.py:73 - Request: GET http://api:8000/api/posts/docker-networking-for-humans-a-simplified-guide
2025-06-29 04:16:32,356 - fastapi - INFO - main.py:75 - Response: 200
2025-06-29 04:16:33,169 - fastapi - INFO - main.py:73 - Request: GET http://api:8000/api/posts
2025-06-29 04:16:33,249 - fastapi - INFO - main.py:75 - Response: 200
2025-06-29 04:16:53,580 - fastapi - INFO - main.py:73 - Request: GET http://api:8000/api/posts/docker-networking-for-humans-a-simplified-guide
2025-06-29 04:16:53,635 - fastapi - INFO - main.py:75 - Response: 200
2025-06-29 04:16:54,385 - fastapi - INFO - main.py:73 - Request: GET http://api:8000/api/posts
2025-06-29 04:16:54,470 - fastapi - INFO - main.py:75 - Response: 200
2025-06-29 04:16:54,911 - fastapi - INFO - main.py:73 - Request: GET http://api:8000/api/posts/docker-networking-for-humans-a-simplified-guide
2025-06-29 04:16:54,945 - fastapi - INFO - main.py:75 - Response: 200
2025-06-29 04:16:55,798 - fastapi - INFO - main.py:73 - Request: GET http://api:8000/api/posts
2025-06-29 04:16:55,882 - fastapi - INFO - main.py:75 - Response: 200
2025-06-29 04:23:07,009 - fastapi - INFO - main.py:73 - Request: GET http://localhost:8000/api/posts
2025-06-29 04:23:07,013 - fastapi - INFO - main.py:73 - Request: GET http://localhost:8000/api/posts
2025-06-29 04:23:07,081 - fastapi - INFO - main.py:75 - Response: 200
2025-06-29 04:23:07,104 - fastapi - INFO - main.py:75 - Response: 200
2025-06-29 04:29:42,851 - fastapi - INFO - main.py:73 - Request: GET http://api:8000/api/posts
2025-06-29 04:29:42,853 - fastapi - INFO - main.py:73 - Request: GET http://api:8000/api/posts
2025-06-29 04:29:42,940 - fastapi - INFO - main.py:75 - Response: 200
2025-06-29 04:29:42,942 - fastapi - INFO - main.py:75 - Response: 200
2025-06-29 04:29:42,952 - fastapi - INFO - main.py:73 - Request: GET http://api:8000/api/posts/my-local-dev-setup
2025-06-29 04:29:42,954 - fastapi - INFO - main.py:73 - Request: GET http://api:8000/api/posts/docker-networking-for-humans-a-simplified-guide
2025-06-29 04:29:42,979 - fastapi - INFO - main.py:75 - Response: 200
2025-06-29 04:29:42,993 - fastapi - INFO - main.py:75 - Response: 200
2025-06-29 04:29:43,700 - fastapi - INFO - main.py:73 - Request: GET http://api:8000/api/posts
2025-06-29 04:29:43,802 - fastapi - INFO - main.py:75 - Response: 200
2025-06-29 04:31:04,130 - fastapi - INFO - main.py:73 - Request: GET http://api:8000/api/posts
2025-06-29 04:31:04,221 - fastapi - INFO - main.py:75 - Response: 200
2025-06-29 04:31:04,227 - fastapi - INFO - main.py:73 - Request: GET http://api:8000/api/posts/building-methodistcrm
2025-06-29 04:31:04,251 - fastapi - INFO - main.py:75 - Response: 200
2025-06-29 04:31:04,920 - fastapi - INFO - main.py:73 - Request: GET http://api:8000/api/posts
2025-06-29 04:31:05,008 - fastapi - INFO - main.py:75 - Response: 200
2025-06-29 04:36:35,722 - fastapi - INFO - main.py:73 - Request: GET http://api:8000/api/posts
2025-06-29 04:36:35,808 - fastapi - INFO - main.py:75 - Response: 200
2025-06-29 04:36:35,814 - fastapi - INFO - main.py:73 - Request: GET http://api:8000/api/posts/building-methodistcrm
2025-06-29 04:36:35,847 - fastapi - INFO - main.py:75 - Response: 200
2025-06-29 04:36:36,618 - fastapi - INFO - main.py:73 - Request: GET http://api:8000/api/posts
2025-06-29 04:36:36,698 - fastapi - INFO - main.py:75 - Response: 200
2025-06-29 04:42:37,730 - fastapi - INFO - main.py:73 - Request: GET http://api:8000/api/posts
2025-06-29 04:42:37,734 - fastapi - INFO - main.py:73 - Request: GET http://api:8000/api/posts
2025-06-29 04:42:37,829 - fastapi - INFO - main.py:75 - Response: 200
2025-06-29 04:42:37,838 - fastapi - INFO - main.py:75 - Response: 200
2025-06-29 04:42:37,922 - fastapi - INFO - main.py:73 - Request: GET http://api:8000/api/posts/my-local-dev-setup
2025-06-29 04:42:37,924 - fastapi - INFO - main.py:73 - Request: GET http://api:8000/api/posts/building-methodistcrm
2025-06-29 04:42:37,954 - fastapi - INFO - main.py:75 - Response: 200
2025-06-29 04:42:37,961 - fastapi - INFO - main.py:75 - Response: 200
2025-06-29 04:42:38,676 - fastapi - INFO - main.py:73 - Request: GET http://api:8000/api/posts
2025-06-29 04:42:38,762 - fastapi - INFO - main.py:75 - Response: 200
2025-06-29 04:44:40,216 - fastapi - INFO - main.py:73 - Request: GET http://localhost:8000/api/posts
2025-06-29 04:44:40,223 - fastapi - INFO - main.py:73 - Request: GET http://localhost:8000/api/posts
2025-06-29 04:44:40,289 - fastapi - INFO - main.py:75 - Response: 200
2025-06-29 04:44:40,305 - fastapi - INFO - main.py:75 - Response: 200
2025-06-29 04:45:34,395 - fastapi - INFO - main.py:73 - Request: GET http://localhost:8000/api/posts
2025-06-29 04:45:34,414 - fastapi - INFO - main.py:73 - Request: GET http://localhost:8000/api/posts
2025-06-29 04:45:34,489 - fastapi - INFO - main.py:75 - Response: 200
2025-06-29 04:45:34,494 - fastapi - INFO - main.py:75 - Response: 200
2025-06-29 04:46:34,282 - fastapi - INFO - main.py:73 - Request: GET http://localhost:8000/api/posts
2025-06-29 04:46:34,285 - fastapi - INFO - main.py:73 - Request: GET http://localhost:8000/api/posts
2025-06-29 04:46:34,309 - fastapi - INFO - main.py:73 - Request: GET http://localhost:8000/api/posts
2025-06-29 04:46:34,312 - fastapi - INFO - main.py:73 - Request: GET http://localhost:8000/api/posts
2025-06-29 04:46:34,364 - fastapi - INFO - main.py:75 - Response: 200
2025-06-29 04:46:34,370 - fastapi - INFO - main.py:75 - Response: 200
2025-06-29 04:46:34,814 - fastapi - INFO - main.py:75 - Response: 200
2025-06-29 04:46:34,829 - fastapi - INFO - main.py:75 - Response: 200
2025-06-29 04:46:51,917 - fastapi - INFO - main.py:73 - Request: GET http://api:8000/api/posts
2025-06-29 04:46:52,022 - fastapi - INFO - main.py:75 - Response: 200
2025-06-29 04:46:52,075 - fastapi - INFO - main.py:73 - Request: GET http://api:8000/api/posts/my-local-dev-setup
2025-06-29 04:46:52,105 - fastapi - INFO - main.py:75 - Response: 200
2025-06-29 04:46:52,767 - fastapi - INFO - main.py:73 - Request: GET http://api:8000/api/posts
2025-06-29 04:46:52,857 - fastapi - INFO - main.py:75 - Response: 200
2025-06-29 04:46:56,711 - fastapi - INFO - main.py:73 - Request: GET http://api:8000/api/posts
2025-06-29 04:46:56,803 - fastapi - INFO - main.py:75 - Response: 200
2025-06-29 04:46:56,811 - fastapi - INFO - main.py:73 - Request: GET http://api:8000/api/posts/my-local-dev-setup
2025-06-29 04:46:56,835 - fastapi - INFO - main.py:75 - Response: 200
2025-06-29 04:46:57,514 - fastapi - INFO - main.py:73 - Request: GET http://api:8000/api/posts
2025-06-29 04:46:57,591 - fastapi - INFO - main.py:75 - Response: 200
2025-06-29 04:49:13,222 - fastapi - INFO - main.py:73 - Request: GET http://localhost:8000/api/posts
2025-06-29 04:49:13,231 - fastapi - INFO - main.py:73 - Request: GET http://localhost:8000/api/posts
2025-06-29 04:49:13,355 - fastapi - INFO - main.py:75 - Response: 200
2025-06-29 04:49:13,356 - fastapi - INFO - main.py:75 - Response: 200
2025-06-29 04:49:20,132 - fastapi - INFO - main.py:73 - Request: GET http://api:8000/api/posts
2025-06-29 04:49:20,213 - fastapi - INFO - main.py:75 - Response: 200
2025-06-29 04:49:20,220 - fastapi - INFO - main.py:73 - Request: GET http://api:8000/api/posts/docker-networking-for-humans-a-simplified-guide
2025-06-29 04:49:20,262 - fastapi - INFO - main.py:75 - Response: 200
2025-06-29 04:49:21,025 - fastapi - INFO - main.py:73 - Request: GET http://api:8000/api/posts
2025-06-29 04:49:21,130 - fastapi - INFO - main.py:75 - Response: 200
2025-06-29 04:49:48,405 - fastapi - INFO - main.py:73 - Request: GET http://api:8000/api/posts
2025-06-29 04:49:48,506 - fastapi - INFO - main.py:75 - Response: 200
2025-06-29 04:49:48,512 - fastapi - INFO - main.py:73 - Request: GET http://api:8000/api/posts/building-methodistcrm
2025-06-29 04:49:48,538 - fastapi - INFO - main.py:75 - Response: 200
2025-06-29 04:49:49,221 - fastapi - INFO - main.py:73 - Request: GET http://api:8000/api/posts
2025-06-29 04:49:49,303 - fastapi - INFO - main.py:75 - Response: 200
2025-06-29 04:49:51,913 - fastapi - INFO - main.py:73 - Request: GET http://api:8000/api/posts
2025-06-29 04:49:52,027 - fastapi - INFO - main.py:75 - Response: 200
2025-06-29 04:49:52,033 - fastapi - INFO - main.py:73 - Request: GET http://api:8000/api/posts/docker-networking-for-humans-a-simplified-guide
2025-06-29 04:49:52,079 - fastapi - INFO - main.py:75 - Response: 200
2025-06-29 04:49:52,742 - fastapi - INFO - main.py:73 - Request: GET http://api:8000/api/posts
2025-06-29 04:49:52,829 - fastapi - INFO - main.py:75 - Response: 200
2025-06-29 04:49:53,734 - fastapi - INFO - main.py:73 - Request: GET http://api:8000/api/posts
2025-06-29 04:49:53,809 - fastapi - INFO - main.py:75 - Response: 200
2025-06-29 04:49:53,813 - fastapi - INFO - main.py:73 - Request: GET http://api:8000/api/posts/docker-networking-for-humans-a-simplified-guide
2025-06-29 04:49:53,845 - fastapi - INFO - main.py:75 - Response: 200
2025-06-29 04:49:54,604 - fastapi - INFO - main.py:73 - Request: GET http://api:8000/api/posts
2025-06-29 04:49:54,704 - fastapi - INFO - main.py:75 - Response: 200
2025-06-29 04:49:56,950 - fastapi - INFO - main.py:73 - Request: GET http://api:8000/api/posts
2025-06-29 04:49:57,030 - fastapi - INFO - main.py:75 - Response: 200
2025-06-29 04:49:57,035 - fastapi - INFO - main.py:73 - Request: GET http://api:8000/api/posts/building-methodistcrm
2025-06-29 04:49:57,063 - fastapi - INFO - main.py:75 - Response: 200
2025-06-29 04:49:57,750 - fastapi - INFO - main.py:73 - Request: GET http://api:8000/api/posts
2025-06-29 04:49:57,848 - fastapi - INFO - main.py:75 - Response: 200
2025-06-29 04:50:10,716 - fastapi - INFO - main.py:73 - Request: GET http://api:8000/api/posts
2025-06-29 04:50:10,818 - fastapi - INFO - main.py:75 - Response: 200
2025-06-29 04:50:10,822 - fastapi - INFO - main.py:73 - Request: GET http://api:8000/api/posts/my-local-dev-setup
2025-06-29 04:50:10,862 - fastapi - INFO - main.py:75 - Response: 200
2025-06-29 04:50:11,532 - fastapi - INFO - main.py:73 - Request: GET http://api:8000/api/posts
2025-06-29 04:50:11,615 - fastapi - INFO - main.py:75 - Response: 200
2025-06-29 04:50:44,248 - fastapi - INFO - main.py:73 - Request: GET http://api:8000/api/posts
2025-06-29 04:50:44,334 - fastapi - INFO - main.py:75 - Response: 200
2025-06-29 04:50:44,339 - fastapi - INFO - main.py:73 - Request: GET http://api:8000/api/posts/this-meeting-couldve-been-a-comment-but-it-wasnt
2025-06-29 04:50:44,371 - fastapi - INFO - main.py:75 - Response: 200
2025-06-29 04:50:45,056 - fastapi - INFO - main.py:73 - Request: GET http://api:8000/api/posts
2025-06-29 04:50:45,189 - fastapi - INFO - main.py:75 - Response: 200
2025-06-29 04:50:50,732 - fastapi - INFO - main.py:73 - Request: GET http://api:8000/api/posts
2025-06-29 04:50:50,823 - fastapi - INFO - main.py:75 - Response: 200
2025-06-29 04:50:50,827 - fastapi - INFO - main.py:73 - Request: GET http://api:8000/api/posts/preparing-for-salesforce-interview
2025-06-29 04:50:50,860 - fastapi - INFO - main.py:75 - Response: 200
2025-06-29 04:50:51,539 - fastapi - INFO - main.py:73 - Request: GET http://api:8000/api/posts
2025-06-29 04:50:51,632 - fastapi - INFO - main.py:75 - Response: 200
2025-06-29 04:57:27,516 - fastapi - INFO - main.py:73 - Request: GET http://api:8000/api/posts
2025-06-29 04:57:27,598 - fastapi - INFO - main.py:75 - Response: 200
2025-06-29 04:57:27,603 - fastapi - INFO - main.py:73 - Request: GET http://api:8000/api/posts/why-i-still-love-php
2025-06-29 04:57:27,631 - fastapi - INFO - main.py:75 - Response: 200
2025-06-29 04:57:28,323 - fastapi - INFO - main.py:73 - Request: GET http://api:8000/api/posts
2025-06-29 04:57:28,408 - fastapi - INFO - main.py:75 - Response: 200
2025-06-29 04:57:32,117 - fastapi - INFO - main.py:73 - Request: GET http://api:8000/api/posts
2025-06-29 04:57:32,197 - fastapi - INFO - main.py:75 - Response: 200
2025-06-29 04:57:32,201 - fastapi - INFO - main.py:73 - Request: GET http://api:8000/api/posts/tech-snacks-for-developers
2025-06-29 04:57:32,233 - fastapi - INFO - main.py:75 - Response: 200
2025-06-29 04:57:32,940 - fastapi - INFO - main.py:73 - Request: GET http://api:8000/api/posts
2025-06-29 04:57:33,017 - fastapi - INFO - main.py:75 - Response: 200
